id,name,X,Y,type,type_long,address,city,aname,rating,photo
B0H017SB12,南京石头城遗址公园,118.7565349,32.04744847,景点,风景名胜;公园广场;公园|风景名胜;风景名胜;省级景点,虎踞路87号(近虎踞南路),南京市,鼓楼区,4.7,http://store.is.autonavi.com/showpic/411adde9805fa0da2b35615a65ac438d
B0FFHDXY5Z,灵谷景区,118.8613358,32.05847503,景点,风景名胜;公园广场;公园|风景名胜;风景名胜;风景名胜,石象路7号-3,南京市,玄武区,4.8,http://store.is.autonavi.com/showpic/0a8043d98b2b99284a340a89807ba493
B001906KXH,古瓦官寺,118.7675846,32.01970801,景点,风景名胜;风景名胜;寺庙道观,双塘街道花露北岗12号,南京市,秦淮区,4.5,http://store.is.autonavi.com/showpic/7ea5a8679cfcbaeb26b049a49256977a
B00190BWGY,李鸿章祠堂,118.7932513,32.03899057,景点,风景名胜;风景名胜;寺庙道观,五老村街道常府街四条巷77号,南京市,秦淮区,4.3,http://store.is.autonavi.com/showpic/3d5e35bbc9df99b5763ac58e66c10039
B001911OIV,清凉山公园,118.7554953,32.0512641,景点,风景名胜;风景名胜;寺庙道观,清凉山83号清凉山公园内(南侧),南京市,鼓楼区,4.5,http://store.is.autonavi.com/showpic/d6e06cb3f9204984f2d58c84c16d4f0a
B0FFH62KNA,古鸡鸣寺,118.7900511,32.06312749,景点,风景名胜;风景名胜;寺庙道观,鸡鸣寺路1号(鸡鸣寺地铁站5号口步行410米),南京市,玄武区,5,http://store.is.autonavi.com/query_pic?id=st653d2760-3b45-47e5-ad2c-7a027aea5997&user=search&operate=original
B00190AZ4L,毗卢寺,118.798161,32.04494922,景点,风景名胜;风景名胜;寺庙道观,汉府街4号(西安门地铁站2号口步行370米),南京市,玄武区,4.8,http://store.is.autonavi.com/showpic/d912137380adcf85c67e6bd6a79fdbd5
B0FFG835UD,建初寺,118.7770681,32.00879312,景点,风景名胜;风景名胜;寺庙道观,应天大街396号,南京市,秦淮区,4.5,http://store.is.autonavi.com/showpic/55091d441358f0c2b2168e2f1d29f34c
B001906TJW,金粟庵,118.7661644,32.02251978,景点,风景名胜;风景名胜;寺庙道观,平江府路80-1南京夫子庙-秦淮风光带内(西侧),南京市,秦淮区,4.5,http://store.is.autonavi.com/showpic/c0127a7121e5bd69f2c1fb0d0579b941
B0FFFZDTSL,太子山公园-长芦崇福禅寺,118.7494814,32.2195264,景点,风景名胜;风景名胜;寺庙道观,大厂街道江北新区园东路280号太子山公园内(南侧),南京市,六合区,4.4,http://store.is.autonavi.com/showpic/13587630f19dfff7a9ebbcee846e28d2
B001904379,六合文庙,118.8281885,32.34589152,景点,风景名胜;风景名胜;寺庙道观,县府街136号,南京市,六合区,4.2,http://store.is.autonavi.com/showpic/8f64158d46f063acd48edd3b42a85426
B0FFFFKG55,明孝陵景区,118.8353576,32.05406885,景点,风景名胜;风景名胜;世界遗产,石象路7号,南京市,玄武区,4.9,http://store.is.autonavi.com/showpic/54b412f617d083a34fb1e9849858f082
B00190BC25,中山门,118.8221999,32.04084318,景点,风景名胜;风景名胜;世界遗产,中山东路325号(南京博物院),南京市,玄武区,4.7,http://store.is.autonavi.com/showpic/2e55e660cb3bfd0c46127f3b2ce3c6fe
B001908F04,南京牛首山文化旅游区,118.7389417,31.90531386,景点,风景名胜;风景名胜;省级景点,宁丹大道18号,南京市,江宁区,4.9,http://store.is.autonavi.com/showpic/f1496728ce77c278f387d2a29c3c920e
B001905179,乌龙潭公园,118.7612524,32.04814913,景点,风景名胜;风景名胜;省级景点,广州路215号(省人民医院对面),南京市,鼓楼区,4.6,http://store.is.autonavi.com/showpic/9f9b7b9bd4114f5436ce129ade49d6f1
B00190D1IQ,天生桥景区,118.9831358,31.64636621,景点,风景名胜;风景名胜;省级景点,洪蓝街道天生桥路500号,南京市,溧水区,4.6,http://store.is.autonavi.com/showpic/3beb85be75e3935c5f9a51c14ee7c25b
B00190AOZZ,南京游子山休闲旅游区,119.0088478,31.35212772,景点,风景名胜;风景名胜;省级景点,东坝街道游子山环山路6号,南京市,高淳区,4.4,http://store.is.autonavi.com/showpic/9fda43d6d05b04003f8086cfd1d96636
B001906CHO,宝船厂遗址公园,118.7282063,32.06292641,景点,风景名胜;风景名胜;省级景点,漓江路57号,南京市,鼓楼区,4.4,http://store.is.autonavi.com/showpic/2f39cfe0f8e465c8d0649a91d8f39663
B0FFFPXEOE,陵园邮局,118.851534,32.04414447,景点,风景名胜;风景名胜;纪念馆|生活服务;邮局;邮局,中山陵园邮局路1号,南京市,玄武区,,http://store.is.autonavi.com/showpic/71a83a00afec16dddb68833246d9101b
B00190CLZR,李白纪念塔,118.6669988,31.99067058,景点,风景名胜;风景名胜;纪念馆,江心洲鼋头石湿地风景区附近,南京市,建邺区,,
B0HRONIVLK,甘熙故居,118.7764437,32.02808495,景点,风景名胜;风景名胜;纪念馆,中山南路400号熙南里街区南捕厅(升州路口),南京市,秦淮区,4.5,http://store.is.autonavi.com/showpic/3d02241844135758076f7887e37686a2
B0FFHGHVAI,秦淮水亭-吴敬梓纪念馆,118.7908648,32.02484001,景点,风景名胜;风景名胜;纪念馆,平江府路80-1南京夫子庙-秦淮风光带内(东侧),南京市,秦淮区,,http://store.is.autonavi.com/showpic/9c1919d9b23392d6bea7f02b03783bfc
B00190Z604,魏源故居,118.7600449,32.04857576,景点,风景名胜;风景名胜;纪念馆,龙蟠里20号,南京市,鼓楼区,4.1,http://store.is.autonavi.com/showpic/47a88259bce08a17efdbe1bc44f6a1dd
B00190ABTQ,刘勰与文心雕龙纪念馆,118.8375509,32.05777274,景点,风景名胜;风景名胜;纪念馆,石象路7号明孝陵景区内(东北角),南京市,玄武区,3,https://aos-comment.amap.com/B00190ABTQ/headerImg/69c7267e5e28cf1e8c228f40d5a9808a_2048_2048_80.jpg
B001904684,高二适纪念馆,118.6151774,32.05633668,景点,风景名胜;风景名胜;纪念馆,雨山路48号,南京市,浦口区,5,
B00190511C,求雨山文化公园-胡小石纪念馆,118.6127189,32.05900395,景点,风景名胜;风景名胜;纪念馆,雨山路48号,南京市,浦口区,4.7,http://store.is.autonavi.com/showpic/20db510d7b1ba9c1af3025a661ca778e
B001917E56,鲁迅纪念馆,118.7648496,32.05512539,景点,风景名胜;风景名胜;纪念馆,鲁迅园小区西南,南京市,鼓楼区,4.5,http://store.is.autonavi.com/showpic/bbee7d49cbd6fa680a45ccaaf4f6ef67
B0FFF2HQN5,南京赛珍珠故居,118.7730866,32.05723852,景点,风景名胜;风景名胜;纪念馆,中山路249号南京大学鼓楼校区,南京市,鼓楼区,3.6,http://aos-cdn-image.amap.com/sns/ugccomment/b6b41a38-633d-4829-ab25-c7fb478cce21.jpg
B001905N9D,侵华日军南京大屠杀遇难同胞纪念馆,118.7371525,32.03725278,景点,风景名胜;风景名胜;纪念馆,水西门大街418号,南京市,建邺区,4.7,http://store.is.autonavi.com/showpic/5bece6e3e3e4e0203fe0f2962394a46d
B001907IVB,中共代表团梅园新村纪念馆,118.7964191,32.04445045,景点,风景名胜;风景名胜;纪念馆,汉府街18-1,南京市,玄武区,4.6,http://store.is.autonavi.com/showpic/26489950db1d4303f7be13f8f23eeb0e
B001907I1C,郑和公园-郑和纪念馆,118.7898515,32.03301149,景点,风景名胜;风景名胜;纪念馆,太平巷35号(常府街地铁站1号口步行460米),南京市,秦淮区,4.4,http://store.is.autonavi.com/showpic/b5596dde35ddbb66d20005ba307e4b5d
B00190Z5DF,横山烈士纪念碑,118.8287961,31.67469493,景点,风景名胜;风景名胜;纪念馆,桑园村高山范13号,南京市,江宁区,4.3,
B00190BBWR,傅抱石纪念馆,118.7630314,32.05708891,景点,风景名胜;风景名胜;纪念馆,宁海路街道汉口西路132号,南京市,鼓楼区,4.3,http://store.is.autonavi.com/showpic/7be8203e1217493da5ade2fe6899e63d
B00190AK4V,求雨山文化名人纪念馆,118.6139381,32.05802393,景点,风景名胜;风景名胜;纪念馆,江浦街道雨山路48号,南京市,浦口区,4.3,http://store.is.autonavi.com/showpic/6d9693f52610fdbb449b8c4289eb1a77
B00190B6HW,中央大学旧址,118.788991,32.05786192,景点,风景名胜;风景名胜;纪念馆,四牌楼2号东南大学四牌楼校区,南京市,玄武区,3.9,http://store.is.autonavi.com/showpic/7f363050f3a13f13719660eb1a291577
B00190ALOS,南京师范大学随园校区金陵女子大学旧址,118.7658731,32.05615819,景点,风景名胜;风景名胜;纪念馆,宁海路122号,南京市,鼓楼区,3.9,http://store.is.autonavi.com/showpic/9081d3165b0f9c7a3d538557e14ba54d
B00190BC0P,净觉寺,118.7777142,32.02605571,景点,风景名胜;风景名胜;回教寺,平江府路80-1南京夫子庙-秦淮风光带内(北侧),南京市,秦淮区,4.6,http://store.is.autonavi.com/showpic/7b90cd91577d1e6641012a4503378c09
B00190AMPT,朝天宫,118.770104,32.03638353,景点,风景名胜;风景名胜;国家级景点,王府大街朝天宫4号,南京市,秦淮区,4.8,http://store.is.autonavi.com/showpic/b9b266379038bc23648612a007469ce0
B00191437W,南京夫子庙-秦淮风光带,118.7773204,32.01926177,景点,风景名胜;风景名胜;国家级景点,平江府路80-1,南京市,秦淮区,4.9,http://store.is.autonavi.com/showpic/9e64a8689c6b079d5f0b86a354274188
B0FFGXSZUH,南京市无想山景区,119.0422463,31.58024837,景点,风景名胜;风景名胜;国家级景点,无付线与无想山大道交叉口东南,南京市,溧水区,4.8,http://store.is.autonavi.com/showpic/ac74aa99cc07c8c0f0c570fc5355fb0e
B0019098VX,高淳老街,118.8642794,31.32169697,景点,风景名胜;风景名胜;国家级景点,中山大街138号,南京市,高淳区,4.6,http://store.is.autonavi.com/showpic/8c88d86049fe8312af930c15622d28e9
B00190BBCW,南京雨花台风景区,118.7765173,31.99992655,景点,风景名胜;风景名胜;国家级景点,雨花路215号,南京市,雨花台区,4.9,http://store.is.autonavi.com/showpic/a0e4abd64c5e3fad90040b33ff17d602
B00190BMRC,总统府,118.792208,32.04629373,景点,风景名胜;风景名胜;国家级景点,长江路292号,南京市,玄武区,4.9,http://aos-cdn-image.amap.com/sns/ugccomment/21acde57-d540-4737-974a-11b6c69d23de.jpg
B00190536A,瞻园,118.7799581,32.02307932,景点,风景名胜;风景名胜;国家级景点,瞻园路128号,南京市,秦淮区,4.9,http://store.is.autonavi.com/showpic/3a5a2d6f6ad2612b8c9f42587d61b56f
B0FFGX7SXE,金陵凤凰台,118.666884,31.991579,景点,风景名胜;风景名胜;风景名胜,江堤路,南京市,建邺区,4.4,http://store.is.autonavi.com/showpic/4885ddc5830c6f217f6e00cdee378bbb
B0FFI7WD15,石臼湖,118.8839362,31.42232205,景点,风景名胜;风景名胜;风景名胜,团固线与宁高公路交叉口西420米,南京市,高淳区,4.7,http://store.is.autonavi.com/showpic/64a33103764501e18289e68d72f576ec
B0FFFFLINT,明城墙台城景区,118.7913319,32.06458256,景点,风景名胜;风景名胜;风景名胜,西家大塘25号附近,南京市,玄武区,4.6,http://store.is.autonavi.com/showpic/d782adea43c503bae505efb7916e9805
B00190BSET,秦淮河,118.7863634,32.02285766,景点,风景名胜;风景名胜;风景名胜,钞库街,南京市,秦淮区,4.9,http://store.is.autonavi.com/showpic/2b5070db544281e34500647f99447487
B0FFFS0LJD,钟山风景区,118.8181275,32.06017592,景点,风景名胜;风景名胜;风景名胜,天文台路与天文路交叉口西北50米,南京市,玄武区,4.3,http://store.is.autonavi.com/showpic/96ec551a533844a6733c590a87761690
B0FFF33TDN,颜真卿碑林,118.8373352,32.05953573,景点,风景名胜;风景名胜;风景名胜,石象路7号明孝陵景区内(北侧),南京市,玄武区,4.3,http://store.is.autonavi.com/showpic/6415a14901246cea6a7054d636cc00db
B0FFGT585O,王安石故居,118.8196207,32.04858811,景点,风景名胜;风景名胜;风景名胜,后宰门街与清溪路交叉口东北220米,南京市,玄武区,4.2,
B001909909,瓜步山火山石林景区,118.8916202,32.25204454,景点,风景名胜;风景名胜;风景名胜,247省道,南京市,六合区,4.2,http://store.is.autonavi.com/showpic/85f2f167771cd176f2f59ad0bebe3435
B001911O36,秦淮水亭,118.7908348,32.02476695,景点,风景名胜;风景名胜;风景名胜,平江府路80-1南京夫子庙-秦淮风光带内(东侧),南京市,秦淮区,3.8,http://store.is.autonavi.com/showpic/bb087c91393f0b79e17b59080252b87b
B0FFFZSD9H,赏心亭,118.7635491,32.03068523,景点,风景名胜;风景名胜;风景名胜,凤台路8号-1正西方向40米,南京市,秦淮区,4.6,http://store.is.autonavi.com/showpic/e6b2b9a19dfa5f76a923f928e6631a7a
B0019169OY,愚园（胡家花园）,118.7683523,32.01800112,景点,风景名胜;风景名胜;风景名胜,鸣羊街胡家花园1号,南京市,秦淮区,4.9,http://store.is.autonavi.com/showpic/915f0b17223f9cf5ceac2316d689708c
B00190990J,灵岩山风景区,118.8881251,32.30079827,景点,风景名胜;风景名胜;风景名胜,冶六线与陈巷路交叉口往北,南京市,六合区,4.4,http://store.is.autonavi.com/showpic/728aa21bef23468619d51da87f891487
B00190CYHW,北极阁,118.785722,32.06052233,景点,风景名胜;风景名胜;风景名胜,进香河路与北京东路交汇处,南京市,玄武区,4.1,http://store.is.autonavi.com/showpic/b68352f8e28c40306fa4c7095c9ea90d
B0FFKNET9H,随园,118.7635819,32.05483968,景点,风景名胜;风景名胜;风景名胜,宁海路122号南师大随园校区,南京市,鼓楼区,,
B00190BC3Q,南京明故宫遗址公园,118.8128161,32.04354855,景点,风景名胜;风景名胜;风景名胜,中山东路311-3号(明故宫地铁站3号口步行140米),南京市,玄武区,4.4,http://store.is.autonavi.com/showpic/0bf83f1c17d271f93541f994a19d1f93
B0019098HK,方山风景区,118.8733232,31.89953342,景点,风景名胜;风景名胜;风景名胜,科学园,南京市,江宁区,4.7,http://store.is.autonavi.com/showpic/314d1794e8f1c468999c1d4c8b3c3993
B0FFGLXR2H,前湖公园,118.8277989,32.0502198,景点,风景名胜;风景名胜;风景名胜,石象路7号中山陵园风景区,南京市,玄武区,4.6,http://store.is.autonavi.com/showpic/25ecd1680e28e148ab04b08999be12ab
B00190BRAW,桃叶渡,118.7890931,32.02499366,景点,风景名胜;风景名胜;风景名胜,平江府路80-1南京夫子庙-秦淮风光带(东北角),南京市,秦淮区,4.5,http://store.is.autonavi.com/showpic/a48791acba5335f627a0ac91ea67870f
B0J6CUJ1NK,竹林七贤石雕,118.7715842,32.03658969,景点,风景名胜;风景名胜;风景名胜,王府大街152号,南京市,秦淮区,3.6,https://aos-comment.amap.com/B0J6CUJ1NK/headerImg/eb043960e26c78fb2d90412f9177aa05_2048_2048_80.jpg
B0FFHVEECG,中山陵景区,118.8490191,32.05667601,景点,风景名胜;风景名胜;风景名胜,石象路7号,南京市,玄武区,4.9,http://store.is.autonavi.com/showpic/46bf800a21c42453ff756fc2b77c710f
B001909G6V,南京音乐台,118.8503065,32.05726633,景点,风景名胜;风景名胜;风景名胜,石象路7号,南京市,玄武区,4.9,http://store.is.autonavi.com/showpic/10847ae77fa0b74de2dc432d3e879b4c
B00190516B,紫霞湖公园,118.838828,32.06375141,景点,风景名胜;风景名胜;风景名胜,中山门外石象路7号中山陵园风景区明孝陵景区东北,南京市,玄武区,4.9,http://store.is.autonavi.com/showpic/417e453efdae030ba62e55214d046fad
B0FFFS03HE,南京十朝文化园,118.8375278,32.04713133,景点,风景名胜;风景名胜;风景名胜,四方城1号,南京市,玄武区,4.8,http://store.is.autonavi.com/showpic/3456ca5afd4e45de6a492b1745588e22
B0FFGYKCUJ,大报恩寺遗址景区,118.7778037,32.0112444,景点,风景名胜;风景名胜;风景名胜,中华门外雨花路1号,南京市,秦淮区,4.7,http://store.is.autonavi.com/showpic/263e131792d95c676bae3ee158dc67f9
B0FFGT9T14,颐和路历史文化街区11片区,118.7644347,32.06255281,景点,风景名胜;风景名胜;风景名胜,宁海路(云南路地铁站1号口步行450米),南京市,鼓楼区,4.7,http://store.is.autonavi.com/showpic/ad7aafcfdb17f45e0bf905798ab3b7a1
B0FFH1ZS2I,南京城墙集庆门,118.7634199,32.02143806,景点,风景名胜;风景名胜;风景名胜,平江府路80-1南京夫子庙-秦淮风光带内(西侧),南京市,秦淮区,4.6,http://store.is.autonavi.com/showpic/dbaa724a545e7229c3abd79a1f325054
B001906ZWH,南唐二陵,118.7334108,31.88920133,景点,风景名胜;风景名胜;风景名胜,秣陵街道祖堂社区,南京市,江宁区,4.6,http://store.is.autonavi.com/showpic/6d1c6fe6fd60d9537bc45c7f62351607
B0FFFVODB4,太平门,118.8076152,32.06003407,景点,风景名胜;风景名胜;风景名胜,龙蟠路,南京市,玄武区,4.5,http://store.is.autonavi.com/showpic/3de3a4c17fbfe517705dd2a39767fd93
B0FFFA08CG,午朝门公园-午门(明故宫路),118.8124307,32.03962297,景点,风景名胜;风景名胜;风景名胜,明故宫路与御道街交叉口北60米,南京市,秦淮区,4.5,http://store.is.autonavi.com/showpic/64b62e2314189f3c86e6f70494b65f21
B00190YOD7,西安门遗址公园,118.8002691,32.04101464,景点,风景名胜;风景名胜;风景名胜,龙蟠中路202号(西安门地铁站4号口步行130米),南京市,秦淮区,4.5,http://store.is.autonavi.com/showpic/8ac8b7a87fc7d37620cae671b8d19020
B0FFI6ZM4Q,东水关,118.7931485,32.02475819,景点,风景名胜;风景名胜;风景名胜,七里街408号附近,南京市,秦淮区,4.4,http://store.is.autonavi.com/showpic/cdf10f4e6f786123903c557af0550def
B0019097QJ,履喙王墓,118.7525787,31.97810796,景点,风景名胜;风景名胜;风景名胜,安德门外石子岗,南京市,雨花台区,4.4,http://store.is.autonavi.com/showpic/fa4593cc50fd5d012c30b0ad0e1a97c2
B0FFGTPT8S,申家巷43号民国建筑,118.7915052,32.03142139,景点,风景名胜;风景名胜;风景名胜,申家巷43号,南京市,秦淮区,4.3,http://store.is.autonavi.com/showpic/926f6b4dbc66436967768717ffb699e7
B00190A5DB,南京石柱林-桂子山,118.930919,32.46144887,景点,地名地址信息;自然地名;山|风景名胜;风景名胜;风景名胜,冶山镇桂子山景区,南京市,六合区,4.4,http://store.is.autonavi.com/showpic/d4814cebd7079d004378910e66ecf260
B0FFL3COK7,梅清苑社区居民书坊,118.6349455,31.90404674,书店,购物服务;专卖店;书店,绿洲路与孙虞村路交叉口西北180米,南京市,雨花台区,3.6,
B0FFLK5971,艺术书店(七瑶路店),118.6427278,32.08727049,书店,购物服务;专卖店;书店,七瑶路明发・悦景园,南京市,浦口区,3.6,http://store.is.autonavi.com/showpic/c86f11fca88e982af8719907f8096015
B0FFI79R75,成贤书店,118.698765,32.15334179,书店,购物服务;专卖店;书店,高新技术开发区东大路6号,南京市,浦口区,3.6,
B0HA6Y7PX4,莲花嘉园社区嘉荷书屋(莲花新城嘉园店),118.7107209,31.96796998,书店,购物服务;专卖店;书店,莲花嘉园社区居委会3楼,南京市,建邺区,3.6,
B0IUP7UDPD,南京东方书店,118.7338446,32.06087991,书店,购物服务;专卖店;书店,江东北路305号2栋22楼I座,南京市,鼓楼区,3.6,
B0H2AC64DG,荔枝书房(商会大厦-黄金楼A座店),118.7356258,32.0670002,书店,购物服务;专卖店;书店,定淮门大街11号黄金楼2单元2501,南京市,鼓楼区,3.6,
B0HR0BPYKR,启点教辅图书(华阳佳园店)(暂停营业),118.7403799,32.04738865,书店,购物服务;专卖店;书店,清凉门大街华阳佳园,南京市,鼓楼区,3.6,http://store.is.autonavi.com/showpic/dc0bd791d59f91a4c1f1dc1c10c379c4
B0FFK8CC36,畅想源书苑,118.7478536,31.96021887,书店,购物服务;专卖店;书店,燕西线三江学院,南京市,雨花台区,3.6,
B0FFKR05C3,思影书屋(北四卫头29号小区店),118.7616212,32.07350187,书店,购物服务;专卖店;书店,北四卫头与祁家桥交叉口北50米,南京市,鼓楼区,3.6,http://store.is.autonavi.com/showpic/c80e6f86d4ddb75932c0d5f0f37cf6fc
B0G07H34DA,三合书店,118.7714603,32.06645324,书店,购物服务;专卖店;书店,云南路与鼓楼三条巷交叉口西40米,南京市,鼓楼区,3.6,http://store.is.autonavi.com/showpic/02da563192fbf77304a3999c5d916310
B0IUV5PZ9I,博雅达图书(喜年花生唐店),118.7742548,32.09980162,书店,购物服务;专卖店;书店,北祥路58号喜年花生唐5栋1楼108,南京市,鼓楼区,3.6,http://store.is.autonavi.com/showpic/fab1545a61d543e1b345233615b4394e
B0IBKMGLY7,夫子书房,118.7778863,32.0160786,书店,购物服务;专卖店;书店,宏图上福园南园西门旁,南京市,秦淮区,3.6,http://store.is.autonavi.com/showpic/6bf26630d2f47ff15cb19c60ee18ac95
B0IG2UAK2S,朗读亭,118.78382,32.03321293,书店,购物服务;专卖店;书店,火瓦巷与龙王庙前交叉口南60米,南京市,秦淮区,3.6,http://store.is.autonavi.com/showpic/2c04dbe69259dc54a85110609d290e10
B0FFKDZSNF,凤凰城书店,118.7765715,32.063516,书店,购物服务;专卖店;书店,中山北路28号江苏商厦F1层,南京市,鼓楼区,3.6,
B0ID7CEGWM,樊登书店(大明路店),118.795084,31.98846364,书店,购物服务;专卖店;书店,大明路御公馆售楼处(大明路地铁站1号口旁),南京市,秦淮区,3.6,
B0IR414K21,读者书房(东鼎大厦店),118.8011271,32.04783554,书店,购物服务;专卖店;书店,珠江路699号锦床书城3楼,南京市,玄武区,3.6,
B0FFM4DYYG,南京博翰书店,118.8086339,32.07430894,书店,购物服务;专卖店;书店,龙蟠路171金思维大厦F1层,南京市,玄武区,3.6,
B0J6VZ5RJZ,玄音文书店,118.8076343,32.1137234,书店,购物服务;专卖店;书店,迈皋桥街与迈皋桥街支路交叉口东北140米,南京市,栖霞区,3.6,http://store.is.autonavi.com/showpic/5d1bcb4b34e5d0168638f5d83b05fbd9
B0HKLHQYVB,金海洋书店,118.8241927,31.86964146,书店,购物服务;专卖店;书店,秣周东路18号砂之船(南京)奥莱F2,南京市,江宁区,3.6,
B0I66ZLRVE,万科翡翠公园约读书房儿童书店,118.8236928,31.92274194,书店,购物服务;专卖店;书店,江宁区万科翡翠公园东门2层205室,南京市,江宁区,3.6,http://store.is.autonavi.com/showpic/5458ba7a2c3c0eec8b64d280e5e50196
B0IGKUL7YI,鸿鹄志图书(湖山尊邸店),118.8657012,31.95241589,书店,购物服务;专卖店;书店,昌宁路99号湖山尊邸1幢101室,南京市,江宁区,3.6,http://store.is.autonavi.com/showpic/fb8a5c733d944e3d39d0eb23d6bdb2ec
B0HUNUAEPU,阿凡兔儿童阅读之家(花园城店),118.8898695,32.0527507,书店,购物服务;专卖店;书店,中山门大街与马群新街交叉口西北140米,南京市,栖霞区,3.6,
B0FFFE71CK,云峰书店(永宁国土资源所西北),118.5678648,32.13443762,书店,购物服务;专卖店;书店,玉兰路与新拥路交叉口西北120米,南京市,浦口区,3.6,
B0FFG9I5AX,怀志书屋,118.6317176,31.79040725,书店,购物服务;专卖店;书店,神山路与东虹路交叉口西60米,南京市,江宁区,3.6,
B00190CPON,新华书店(竹镇店),118.6803788,32.51605811,书店,购物服务;专卖店;书店,竹镇,南京市,六合区,3.6,
B0HABYOJYJ,学友书坊(荣盛隽峰雅苑店),118.7784241,31.82884436,书店,购物服务;专卖店;书店,顺塘街荣盛隽峰雅苑,南京市,江宁区,3.6,
B0FFL2KJC9,晨熙书店(七里店),118.7844899,32.3234594,书店,购物服务;专卖店;书店,云华雅园B区东门北160米,南京市,六合区,3.6,
B0I1FHOL0N,布克沃姆绘本馆,118.9790523,32.12325017,书店,购物服务;专卖店;书店,西岗街道守敬路9号11幢108室,南京市,栖霞区,3.6,
B0H35748N9,小熊尼奥(万达茂店),118.982561,32.12362612,书店,购物服务;专卖店;书店,仙林大道181号万达茂F2,南京市,栖霞区,3.6,
B0FFMGQJVG,新年书店,118.6228,32.05801841,书店,购物服务;专卖店;书店,天凤国际三楼(文德路地铁站3号口步行390米),南京市,浦口区,3.7,
B0G0PUF8FV,晨光书店,118.6159532,32.07310478,书店,购物服务;专卖店;书店,象山路与孝祥路交叉口西40米,南京市,浦口区,3.7,http://store.is.autonavi.com/showpic/0362b432c89e0ff141ea67add66fe052
B0H33MUG8M,逸享书房(亚东滨江和园店),118.6263177,32.0483635,书店,购物服务;专卖店;书店,滨江和园西北2门旁,南京市,浦口区,3.7,http://store.is.autonavi.com/showpic/b81cfa6deef976d9c52113926381ee69
B0FFKKZ9X5,文泰书店,118.6334587,32.0824421,书店,购物服务;专卖店;书店,浦口大道南京工业大学内,南京市,浦口区,3.7,http://store.is.autonavi.com/showpic/b824ac0bbf3c4438c039b8cf03e6e48a
B0GRDOKJLI,M莱图书,118.6394658,31.90728189,书店,购物服务;专卖店;书店,新亭大街69号新林芳庭,南京市,雨花台区,3.7,
B0IKOA0CUO,新华书店(装修中),118.6346888,32.07182614,书店,购物服务;专卖店;书店,金盛田广场,南京市,浦口区,3.7,
B0HBYHHRRR,启明书店(七瑶路店),118.6437738,32.088104,书店,购物服务;专卖店;书店,七瑶路7号明发悦庭,南京市,浦口区,3.7,http://store.is.autonavi.com/showpic/ee04aa0732bac1ae0ece9a9bfee34af6
B0FFMC0VI7,诺彼时光书吧(华润国际社区C区店),118.6835749,32.09257883,书店,购物服务;专卖店;书店,华润国际社区C区东大门旁,南京市,浦口区,3.7,http://store.is.autonavi.com/showpic/5bcf7f3ed9ba62903c335bef3b67a831
B0ID7CE5PS,吉阅书店,118.6861797,32.10950048,书店,购物服务;专卖店;书店,雅苑西路与浦光路交叉口北80米,南京市,浦口区,3.7,https://aos-comment.amap.com/B0ID7CE5PS/headerImg/EACF9905_5397_4B5B_B642_6A71FDED1A75_L0_001_IMG_6378_1659530042298_8bad2638.HEIC
B0FFJNDKSW,Zoey的英文绘本馆,118.6818063,32.10837038,书店,购物服务;专卖店;书店,明发城市广场23栋1207室,南京市,浦口区,3.7,
B0IAJZTXIL,悦江・小石头书店,118.6954671,32.08081805,书店,购物服务;专卖店;书店,滨江大道292号江北新区市民中心,南京市,浦口区,3.7,http://store.is.autonavi.com/showpic/0fa27af4b6f83651cbd95024c931ef2a
B0IDOCDZA0,在逸书社(华侨绿洲1期店),118.7012245,32.15147348,书店,购物服务;专卖店;书店,华侨绿洲北门西110米,南京市,浦口区,3.7,http://store.is.autonavi.com/showpic/9293a6c0c138e03c8a10310cf9183058
B0HKOHII6M,泰山街道・小种子书屋柳洲社区点(苏尚生活广场店),118.7145498,32.13257296,书店,购物服务;专卖店;书店,丽岛路弘阳・旭日爱上城-第六区,南京市,浦口区,3.7,http://store.is.autonavi.com/showpic/31282d03737df9febb5f633f706e2d10
B0GK37TQXZ,尚儒旧书店,118.7329349,32.06476734,书店,购物服务;专卖店;书店,舸舫园小区东南门旁,南京市,鼓楼区,3.7,http://store.is.autonavi.com/showpic/261b8695064379e9d25543664d887722
B0FFM0V7YD,时代书店,118.7362381,32.15598556,书店,购物服务;专卖店;书店,南浦路与民兵路交叉口东北60米,南京市,浦口区,3.7,http://store.is.autonavi.com/showpic/5a084ad04ce35c53aebc29082d1f8b8a
B0I0HSU8HC,晓书屋(大观・天地店),118.7388503,32.09401137,书店,购物服务;专卖店;书店,建宁路与热河路交叉口东140米,南京市,鼓楼区,3.7,http://store.is.autonavi.com/showpic/635bf14d37b2c3d28063cd4d8a778e5e
B0H0ONV5AU,三味书屋(明发外滩广场店),118.738183,32.13326747,书店,购物服务;专卖店;书店,滨江大道1号明发外滩广场F2层,南京市,浦口区,3.7,
B0GKMZQQXD,严培书苑(双联别墅小区店),118.753664,31.96546215,书店,购物服务;专卖店;书店,安邦门窗店南门旁(铁心桥地铁站3号口步行490米),南京市,雨花台区,3.7,http://store.is.autonavi.com/showpic/289725c70cc359ea06ac57048c8319f5
B0FFHXLN01,美在我心绘本馆,118.7486213,32.03789967,书店,购物服务;专卖店;书店,江苏省南京市建邺区水西门大街270号金基唐城8栋104,南京市,建邺区,3.7,
B0GRHAR03K,图书城(玉桥美博城店),118.7753264,32.09447347,书店,购物服务;专卖店;书店,玉桥美博城西南门旁,南京市,鼓楼区,3.7,http://store.is.autonavi.com/showpic/0d077827628b9cdb9f0b1e1f7598258b
B0FFKW0OL4,南京锐伊文化(玉桥美博城店),118.7753814,32.09451553,书店,购物服务;专卖店;书店,建宁路8号永力图书批发市场2楼98号,南京市,鼓楼区,3.7,http://store.is.autonavi.com/showpic/4632f51838c2defe0de1e7d18363eea3
B0G2UZ1WE2,思源书吧,118.7789775,31.91857436,书店,购物服务;专卖店;书店,河海大学江宁校区思源楼1层,南京市,江宁区,3.7,http://store.is.autonavi.com/showpic/111525f67fbc052484a47f8db105b98d
B0FFJ4U10E,便利出租书屋,118.7813705,32.01533407,书店,购物服务;专卖店;书店,剪子巷4号附近,南京市,秦淮区,3.7,http://store.is.autonavi.com/showpic/d0bcfa677a0b20c25a0dbc9f1ad40d35
B001911RQO,卫群书店,118.7872007,32.06520121,书店,购物服务;专卖店;书店,西家大塘西北3门东北50米,南京市,玄武区,3.7,http://store.is.autonavi.com/showpic/e43ac5262374e9b4ca67a66d9a8489a7
B001912VGH,优品书店,118.8017178,32.02989145,书店,购物服务;专卖店;书店,尚书巷尚书村,南京市,秦淮区,3.7,http://store.is.autonavi.com/showpic/24b48159e3e605cc51f4feb2e15d5fe4
B0FFL810BQ,品及淘宝书店,118.8131644,32.08017221,书店,购物服务;专卖店;书店,朝阳路南京林业大学,南京市,玄武区,3.7,
B0JB6CFF3G,知乎城市书屋,118.813611,32.10554831,书店,购物服务;专卖店;书店,华电东路与北苑西路交叉口西南40米,南京市,栖霞区,3.7,http://store.is.autonavi.com/showpic/58dcd0c4fbf82e75942899cf858d3864
B0FFJRUJXG,大智慧书店(文靖路店),118.8521595,31.96274083,书店,购物服务;专卖店;书店,文靖路620号,南京市,江宁区,3.7,http://store.is.autonavi.com/showpic/bff2edc80761e3ce83de15d673d31c16
B0FFL8JYF2,光华书坊(世茂君望・墅店),118.8636841,32.00829902,书店,购物服务;专卖店;书店,永丰大道52-1,南京市,秦淮区,3.7,http://store.is.autonavi.com/showpic/67560fbd1b13b6d6d0a1c7d61087092f
B0IKR7MOUD,爱上书店,118.8745647,32.04279635,书店,购物服务;专卖店;书店,顾家营路,南京市,玄武区,3.7,http://store.is.autonavi.com/showpic/febeda918f1a3610c3f0fe374d64fd4d
B0FFI2VPNJ,乐新书屋,118.8937855,31.92583934,书店,购物服务;专卖店;书店,宋墅路7天连锁酒店(江宁大学城店),南京市,江宁区,3.7,http://store.is.autonavi.com/showpic/829563b8d5c5fd748fb6ad9577122751
B0IBGSOAH7,三味书屋(中天・铭廷店),118.9174321,32.12636155,书店,购物服务;专卖店;书店,中天・铭廷北门人行门旁,南京市,栖霞区,3.7,http://store.is.autonavi.com/showpic/169504a123acfb372fdba1dfc3e8b40f
B0FFMDNCTD,喜阅童画-亲子书店,118.4713912,31.85714835,书店,购物服务;专卖店;书店,桥林街道草圣书乡景区内,南京市,浦口区,3.7,
B0FFGIT8LX,晨光文具看书吧店,118.7156311,31.64253347,书店,购物服务;专卖店;书店,横溪街道丹阳社区东山大道8号,南京市,江宁区,3.7,
B0HRLC16MT,尚知阁书店,118.7374947,32.22770554,书店,购物服务;专卖店;书店,健民路323-8号,南京市,六合区,3.7,
B0FFGOYOPT,点金书斋,118.8637963,31.68558863,书店,购物服务;专卖店;书店,铜山社区横峰街(铜山广电对面),南京市,江宁区,3.7,
B0I3HZ75WB,回家书房,118.8926176,31.70904612,书店,购物服务;专卖店;书店,石埝社区水荆墅村,南京市,江宁区,3.7,
B0FFL7KWRV,大众书店,118.9879632,31.38737982,书店,购物服务;专卖店;书店,双牌石大街与新港东路交叉口西南20米,南京市,高淳区,3.7,
B00190CNAM,才子书店(灵顺北路),118.9768766,31.86425938,书店,购物服务;专卖店;书店,湖熟初级中学右边,南京市,江宁区,3.7,
B0FFG4G65J,新文书店,119.0608416,31.297404,书店,购物服务;专卖店;书店,东坝市场小商品交易区东北门北110米,南京市,高淳区,3.7,
B0FFGFQ3TQ,晓园书店,119.0534428,31.93830575,书店,购物服务;专卖店;书店,土桥中心小学对面,南京市,江宁区,3.7,
B0FFJ4MZUG,筑梦书店,119.0558328,32.05877373,书店,购物服务;专卖店;书店,汤山镇汤泉东路49号(建行斜对面),南京市,江宁区,3.7,
B0FFFZ96HZ,海玲书店,119.1745835,31.57946378,书店,购物服务;专卖店;书店,白马镇白马中心小学门口海,南京市,溧水区,3.7,
B0IRFH70Q3,明晖图书(珠泉花园店),118.630378,32.0620617,书店,购物服务;专卖店;书店,珠泉花园正大门旁门面房8栋104室,南京市,浦口区,3.8,http://store.is.autonavi.com/showpic/6dda1d7ce74ef029d1e8ca2f35877c6d
B0FFG4GCFS,南工大书店,118.6308341,32.08720654,书店,购物服务;专卖店;书店,象山水榭B1层,南京市,浦口区,3.8,
B0JB5H18ZC,且慢绘本馆,118.6360404,31.86384673,书店,购物服务;专卖店;书店,谷里街道柏树社区金家公交站南50米,南京市,江宁区,3.8,http://store.is.autonavi.com/showpic/c7ed980225a04bd42913ced009a4e550
B0FFL75JS9,爱阅大眼睛(江苏南京花生唐店),118.6557434,31.90931606,书店,购物服务;专卖店;书店,新湖大道9号花生唐商业街1栋2楼(蓝湾咖啡旁电梯上二楼),南京市,雨花台区,3.8,http://store.is.autonavi.com/showpic/83d2188e39200a4ca343aaeab7cf4734
B0FFKZHJJF,书卷厢图书(青桐园店),118.715147,32.02309595,书店,购物服务;专卖店;书店,奥体青桐园20-6号,南京市,建邺区,3.8,http://store.is.autonavi.com/showpic/81b3d5e465d460ae5adf354fd6e2985c
B0GDS1QOA3,樊登书店,118.7184504,32.03376746,书店,购物服务;专卖店;书店,集庆门大街268号苏宁慧谷F1层,南京市,鼓楼区,3.8,
B0FFJ2TI6P,南京弘阳书店,118.7281466,32.13575638,书店,购物服务;专卖店;书店,大桥北路24号金盛装饰城育才教育汇3楼305,南京市,浦口区,3.8,http://store.is.autonavi.com/showpic/1412788ddbb386b09e7a31812e83d3c6
B0IRZC6NPK,悠贝亲子图书馆(弘阳・旭日上城二区店),118.72639,32.14035773,书店,购物服务;专卖店;书店,上城路与柳洲东路交叉口南400米,南京市,浦口区,3.8,http://store.is.autonavi.com/showpic/c89385b9a881c13ec4fb9acfa1787d94
B0IK27N7X6,清芬书屋(仁恒国际公寓店),118.7288777,32.00801446,书店,购物服务;专卖店;书店,庐山路116号仁恒国际公寓东南门,南京市,建邺区,3.8,http://store.is.autonavi.com/showpic/4ecec19c7657a8e76f471676bf77509b
B0G30PIB5S,驿智书坊,118.7437314,32.13471576,书店,购物服务;专卖店;书店,明发滨江新城三期351栋,南京市,浦口区,3.8,http://store.is.autonavi.com/showpic/49b5631236f6b8e2773eac9c8512e5a3
B0FFFDB4ZW,南财考试书店(暂停营业),118.7545739,32.08685367,书店,购物服务;专卖店;书店,铁路北街100号,南京市,鼓楼区,3.8,http://store.is.autonavi.com/showpic/b0ff431538943a6ea456e99a92aaf09e
B0GR2UC4UF,英阅绘中英文绘本馆(北外滩水城第九街区店),118.7486455,32.14328956,书店,购物服务;专卖店;书店,北外滩水城九街区南门106商铺,南京市,浦口区,3.8,http://store.is.autonavi.com/showpic/3999fbfaf7baf4721de77a5d5fc4e2ac
B0J6GHKHEI,极客站共享书房(软件大道店),118.765346,31.97768197,书店,购物服务;专卖店;书店,软件大道106号2栋802-,南京市,雨花台区,3.8,http://store.is.autonavi.com/showpic/52f746988387aca1a230af3e28146596
B0FFFA1C3X,成功书店(王府大街),118.7734168,32.03719531,书店,购物服务;专卖店;书店,王府大街石榴园22号,南京市,秦淮区,3.8,http://store.is.autonavi.com/showpic/a695ec8a0505a4f0097f54e94d06d0ad
B0J6GDIBG8,快乐文化(喜年花生唐店),118.7742548,32.09980162,书店,购物服务;专卖店;书店,北祥路58号喜年花生唐F2层,南京市,鼓楼区,3.8,http://store.is.autonavi.com/showpic/82abc410b4e2230c1e5cc511e2a39b46
B0FFK2BPL6,南京章哲图书有限公司(玉桥商业广场店),118.7753484,32.09468253,书店,购物服务;专卖店;书店,建宁路8号玉桥商业广场玉桥美博城3层,南京市,鼓楼区,3.8,http://store.is.autonavi.com/showpic/fc5dcfc91d4271dd29d3a5a1cf13ea19
B0J67UOJRH,金海书店,118.7791032,32.03213049,书店,购物服务;专卖店;书店,中山南路与白下路交叉口东北40米,南京市,秦淮区,3.8,http://store.is.autonavi.com/showpic/915dc89f526828255733689eff5ab354
B0GKAU2J0M,昌顺书店,118.7792482,32.06673236,书店,购物服务;专卖店;书店,傅厚岗与中央路辅路交叉口东40米,南京市,玄武区,3.8,http://store.is.autonavi.com/showpic/33634a9d8b67d30e685bff64f14e650e
B0JG6CLLPI,晓伟图书(玉桥美博城店),118.775984,32.09439306,书店,购物服务;专卖店;书店,建宁路8号玉桥美博城F1层,南京市,鼓楼区,3.8,http://store.is.autonavi.com/showpic/3128f82904ddedf1067e4a1837fc388d
B0I0PRZRZH,路子铺社区书屋,118.7906183,32.00540021,书店,购物服务;专卖店;书店,龙蟠南路辅路与路子铺巷交叉口南40米,南京市,秦淮区,3.8,http://store.is.autonavi.com/showpic/4696341274e69ceafcc966e96242ae34
B0IRJCMN7L,优才书店,118.7869183,32.04306694,书店,购物服务;专卖店;书店,中山东路188号(大行宫地铁站2口步行280米),南京市,秦淮区,3.8,http://store.is.autonavi.com/showpic/33fc80693c7726834aad29600cc748e6
B0HRSLSQJP,雅竹旧书店,118.7942862,32.047638,书店,购物服务;专卖店;书店,黄家塘太平桥南小区,南京市,玄武区,3.8,http://store.is.autonavi.com/showpic/707316f0ee939fb375a8a64f7f5390d3
B0FFH5Y0BJ,苏硕教辅书店,118.7918257,32.05356381,书店,购物服务;专卖店;书店,成贤街小学西北门旁(浮桥地铁站1号口步行170米),南京市,玄武区,3.8,http://store.is.autonavi.com/showpic/99338d0f46c3f89e6d80614ad73c2b3c
B0GKOC7PAB,希文书店,118.8173121,31.88234829,书店,购物服务;专卖店;书店,东南大学路与真武路交叉口西南140米,南京市,江宁区,3.8,http://store.is.autonavi.com/showpic/e1ac8683bb5cd47852a1f07b44f838c4
B0GUM66ANR,阅空间睦邻书房(康博花园亲情公寓店),118.8229001,31.9016318,书店,购物服务;专卖店;书店,长亭街康博花园-亲情公寓,南京市,江宁区,3.8,
B0FFIZNKO0,易读宝南京江宁万达店,118.839272,31.95284892,书店,购物服务;专卖店;书店,江宁万达广场负一楼孩子王易读宝专柜,南京市,江宁区,3.8,http://store.is.autonavi.com/showpic/be26a8dee380e606bcfaf962961f15f2
B0ID96XANB,南京江宁共读书房,118.838499,31.95691143,书店,购物服务;专卖店;书店,土山路28号图书大厦(新华书店三楼),南京市,江宁区,3.8,http://store.is.autonavi.com/showpic/d0893fc1ab43e7b37a6f4fa5743edfd4
B0IA3UXR28,旭源书店,118.8354782,32.03948281,书店,购物服务;专卖店;书店,孝陵卫街道童卫路6号南京农业大学(西2门),南京市,玄武区,3.8,
B0FFK9468W,青苗绘本馆(天元城檀香座店),118.8475598,31.94025487,书店,购物服务;专卖店;书店,市政天元城檀香座32栋102室,南京市,江宁区,3.8,
B0FFLMIMFX,南京小黄猫书店,118.8919955,31.93022866,书店,购物服务;专卖店;书店,月华路8号弘阳上院4-15号,南京市,江宁区,3.8,http://store.is.autonavi.com/showpic/ae35182ce578e2e29b28bd5cc418ba23
B0IBGAPG61,蓝鲸书店,118.9079802,32.03035878,书店,购物服务;专卖店;书店,中海国际社区102-1号,南京市,江宁区,3.8,http://store.is.autonavi.com/showpic/ba5235ba9abbff47ec84ecf8cf92f644
B0I0AA8LUS,南京悠米国际绘本馆,118.9222739,32.05003763,书店,购物服务;专卖店;书店,悦民路128号天赋广场23栋104门店,南京市,江宁区,3.8,http://store.is.autonavi.com/showpic/8fb19b770c0d93f74f3b63bfe5f16d12
B0FFG036W5,求知书屋(福兴街店),118.5450145,31.79301563,书店,购物服务;专卖店;书店,福兴街与铜虹街交叉口西南80米,南京市,江宁区,3.8,
B0I0YUUT28,启航图书,118.5993282,32.06078415,书店,购物服务;专卖店;书店,澄园路与澄园北路交叉口南120米,南京市,浦口区,3.9,http://store.is.autonavi.com/showpic/3a3163bd600a2d11f34fa8fb6793b592
B0IALSUBV3,梅山书店,118.6258922,31.90375004,书店,购物服务;专卖店;书店,梅康路与梅芳路交叉口西120米,南京市,雨花台区,3.9,http://store.is.autonavi.com/showpic/7ce48255aec33252dc262bebaeda2e11
B0FFH4AHV6,南京市建邺区思思想想书店,118.7201731,32.00111306,书店,购物服务;专卖店;书店,江东中路333号南京金奥中心F1层,南京市,建邺区,3.9,
B0I6TPMCFE,学高书苑(天水滨江花园西区店),118.7248427,32.04232277,书店,购物服务;专卖店;书店,滨江花园小区西区东门南50米,南京市,鼓楼区,3.9,http://store.is.autonavi.com/showpic/a0f570337bb11360786fd6c89a143bd4
B0FFHEVWJ3,商务印书馆,118.7433787,32.08937081,书店,购物服务;专卖店;书店,阅江楼街道中山北路350号老学堂创意园,南京市,鼓楼区,3.9,http://store.is.autonavi.com/showpic/a21c8245bf3bb61d6e2a943f9ad0976f
B0FFGFS3CV,广博旧书坊,118.7482769,32.04298184,书店,购物服务;专卖店;书店,凤凰西街223号,南京市,鼓楼区,3.9,http://store.is.autonavi.com/showpic/7435ce3f2369c363e61b967acd786e2d
B0FFFDDEG3,子墨书店(察哈尔路),118.7500733,32.07940176,书店,购物服务;专卖店;书店,察哈尔路16号5幢107室,南京市,鼓楼区,3.9,http://store.is.autonavi.com/showpic/52e5d88a874c063fb446e8d36c565680
B0FFGLH4XU,古旧书店,118.7476395,32.0916495,书店,购物服务;专卖店;书店,多伦路新民门光夏新村2号,南京市,鼓楼区,3.9,http://store.is.autonavi.com/showpic/94ec342712a596f251f05748ba1005f5
B0FFF6YF8A,天翼图书,118.771503,32.06001486,书店,购物服务;专卖店;书店,金银街与汇文路交叉口西南20米,南京市,鼓楼区,3.9,
B001916D0C,城市书房,118.7706756,32.0676479,书店,购物服务;专卖店;书店,中山北路99号鼓楼区文化艺术中心B1层,南京市,鼓楼区,3.9,http://store.is.autonavi.com/showpic/279bee3c1eeed7af982252f7fb53b377
B0HK6Z4ZMS,野芒城市书屋(湖北路87-89小区店),118.7714099,32.07025303,书店,购物服务;专卖店;书店,湖北路与乐业村交叉口西北60米,南京市,鼓楼区,3.9,
B0IGGAUAVR,南京长歌文化有限公司,118.7730787,32.09976661,书店,购物服务;专卖店;书店,北祥路58号花生唐5栋108,南京市,鼓楼区,3.9,http://store.is.autonavi.com/showpic/0aff94d96b5d0650182b6561da1801af
B0I11C8AXQ,书房(乐尚天地店),118.7801975,31.94534467,书店,购物服务;专卖店;书店,胜太西路与将军大道交叉口东北100米,南京市,江宁区,3.9,http://store.is.autonavi.com/showpic/1a7d020aca2c416f4a9f21d22cd7215e
B0I137TR9Z,天卷书店,118.775989,32.09438106,书店,购物服务;专卖店;书店,建宁路8号玉桥美博城7商铺,南京市,鼓楼区,3.9,http://store.is.autonavi.com/showpic/7e5885259fc224f3e9301b5623848cf2
B0G2368AR4,创文图书(玉桥国际公寓店),118.7757398,32.09445984,书店,购物服务;专卖店;书店,玉宁路玉桥国际公寓,南京市,鼓楼区,3.9,
B0FFL5NIB6,爱丁堡饭店书吧,118.7995139,31.93084318,书店,购物服务;专卖店;书店,通淮街与天元西路交叉口东北60米,南京市,江宁区,3.9,
B0GRUD4WLS,煜风书房(黄埔・鑫园店),118.8128712,32.02150865,书店,购物服务;专卖店;书店,光华路201号,南京市,秦淮区,3.9,http://store.is.autonavi.com/showpic/c070412457cd91019fc77b1de056a1d3
B0GKVY28RC,乐之语文,118.8089753,32.03358851,书店,购物服务;专卖店;书店,瑞金路街道瑞金路48号瑞金大厦B座412室,南京市,秦淮区,3.9,http://store.is.autonavi.com/showpic/e2c86797b5ce28cf4998f105afd3a187
B0I3HH949G,B.U绘本馆,118.8223911,31.93288678,书店,购物服务;专卖店;书店,庄排路159号1幢305室,南京市,江宁区,3.9,http://store.is.autonavi.com/showpic/62bdb66a1a4af2a900a710aa349a5914
B0ID77LGKM,星辰文具书店,118.8490167,32.01642892,书店,购物服务;专卖店;书店,紫阳家园项目3-11号铺位,南京市,秦淮区,3.9,http://store.is.autonavi.com/showpic/caf186cb1fee9b2dd2649aa01a8aab92
B0FFJ0EA17,爱迪青山书院,118.8562252,31.969674,书店,购物服务;专卖店;书店,宏运大道4618号青山湾小区26栋116,南京市,江宁区,3.9,http://store.is.autonavi.com/showpic/c5e80352395b68389d5594bc06255bb6
B0FFLNHXSR,林上咖啡馆,118.8554229,32.05698768,书店,购物服务;专卖店;书店,中山陵紫金山探险公园内,南京市,玄武区,3.9,
B0H0A7T9GX,卓望书店,118.8923589,31.91713588,书店,购物服务;专卖店;书店,淳化街道鹏山路28号祥云伴山居13幢108室,南京市,江宁区,3.9,http://store.is.autonavi.com/showpic/da8802cb41039672efecf8f60860e9b0
B0IAKADWFF,大众书局(花园城巨石马群店),118.8903367,32.05336607,书店,购物服务;专卖店;书店,中山门大街699号花园城F1,南京市,栖霞区,3.9,http://store.is.autonavi.com/showpic/b5363f23661ae35c8e6661b3203e761b
B0FFGIL70H,格林书店,118.9259614,31.83650292,书店,购物服务;专卖店;书店,湖熟街道龙都社区卫生服务中心旁龙聚苑,南京市,江宁区,3.9,
B00190BYM4,新港书店(双牌石大街),118.9882312,31.38788888,书店,购物服务;专卖店;书店,双牌石大街176号,南京市,高淳区,3.9,
B0HUKA6W5F,爱阅未来童书馆(万达茂仙林大道店),118.9793064,32.12339447,书店,购物服务;专卖店;书店,仙林大道181号万达茂F1,南京市,栖霞区,3.9,
B0H04HA5JN,高淳区曦瑞书店,119.0511518,31.30121434,书店,购物服务;专卖店;书店,游子山路与广通路交叉口西南420米,南京市,高淳区,3.9,
B00190CRLY,希望书店(红梅南路),119.1606214,31.3702188,书店,购物服务;专卖店;书店,桠溪镇永宁东街2-8号,南京市,高淳区,3.9,
B00190Z61X,需予书店,118.6224428,32.06458121,书店,购物服务;专卖店;书店,江浦高级中学文昌校区1号对面,南京市,浦口区,4,http://store.is.autonavi.com/showpic/298f6e5590b465350a940dc762bcc0df
B0FFKRR9O3,天晴书店,118.7046872,32.13992502,书店,购物服务;专卖店;书店,泰山街道弘阳爱上花园9幢118,南京市,浦口区,4,http://store.is.autonavi.com/showpic/d5f2fd0262eba211d11d5d5b6947c1bf
B0FFLM1RPZ,万卷书店,118.7175046,32.13161421,书店,购物服务;专卖店;书店,丽岛路旭日华庭圣荷西1栋1单元101,南京市,浦口区,4,http://store.is.autonavi.com/showpic/ff4574306576002025875a5a1a164150
B0FFIJQK8B,新城书吧(新城大厦店),118.7264353,32.00682523,书店,购物服务;专卖店;书店,江东中路259号新城大厦F1层,南京市,建邺区,4,
B0I3NAAHE1,一间很小的书店(万象汇店),118.7254342,32.12694906,书店,购物服务;专卖店;书店,浦珠北路1号万象汇桥北店F7层,南京市,浦口区,4,
B0GUBCMXJL,爱阅家,118.728036,32.15389677,书店,购物服务;专卖店;书店,百润路9号天悦城生活广场F3层,南京市,浦口区,4,http://store.is.autonavi.com/showpic/c86d06e50a58dc4388154832b217a005
B0I6S7QFDV,三余书社(水木秦淮店),118.7452155,32.06412596,书店,购物服务;专卖店;书店,石头城路95号水木秦淮B栋,南京市,鼓楼区,4,http://s-pic.oss-cn-beijing.aliyuncs.com/desensitize/images/publish/44e7c9406d7190e8452d21e6ec9fcf70.jpg
B001909JYL,新华书店(南京南湖路店)(暂停营业),118.7512487,32.03157019,书店,购物服务;专卖店;书店,南湖路14-2号,南京市,建邺区,4,http://store.is.autonavi.com/showpic/dc0b764eeabecd0f7d3400da8f8201b3
B0JBLAT1P5,诗淼书店,118.7512447,32.03159119,书店,购物服务;专卖店;书店,南湖路与育英街交叉口北40米,南京市,建邺区,4,http://store.is.autonavi.com/showpic/fe926f989004157dcee9dc2b4f33c16d
B0FFM7BQ6K,萃文书局,118.7698355,32.02903467,书店,购物服务;专卖店;书店,升州路338号,南京市,秦淮区,4,http://store.is.autonavi.com/showpic/1825546d4f7b6694c43026773a1cab87
B0HKG5DOIB,华盛书店,118.7664401,32.04968609,书店,购物服务;专卖店;书店,五台山体育中心1号门旁,南京市,鼓楼区,4,http://store.is.autonavi.com/showpic/ad64d6c8ee57d3ad30d713dc9b07ef9f
B0IR7L7VO8,壹心读书空间(捷晟商务写字楼店),118.7691331,32.07036538,书店,购物服务;专卖店;书店,湖南路255号捷晟商务写字楼F4层,南京市,鼓楼区,4,
B0IADZU607,嘉果文化(喜年花生唐店),118.7738614,32.09977627,书店,购物服务;专卖店;书店,中央北路河路道1号花生唐广场6栋118号一楼,南京市,鼓楼区,4,http://store.is.autonavi.com/showpic/3cb298d40db07d37b4441182cac02c8b
B0H2A77YBM,南京展硕文化(玉桥美博城店),118.7758939,32.094531,书店,购物服务;专卖店;书店,建宁路8号玉桥美博城F2层,南京市,鼓楼区,4,http://store.is.autonavi.com/showpic/83a3b59e2c1d95a8effa72cbb90c68dd
B0FFIPTAHK,奥林图书(玉桥商业广场店),118.7757968,32.09453291,书店,购物服务;专卖店;书店,建宁路8号玉桥美博城F2层,南京市,鼓楼区,4,http://store.is.autonavi.com/showpic/895f9feb720b2c5649cc4c1fa3389a05
B0FFM8WTJ6,阅空间睦邻书房(雍福龙庭店),118.7869005,31.91038763,书店,购物服务;专卖店;书店,将军大道129号雍福龙庭,南京市,江宁区,4,
B001906SDF,教才书店(中山东路店),118.7856846,32.04284235,书店,购物服务;专卖店;书店,中山东路128-15号,南京市,秦淮区,4,http://store.is.autonavi.com/showpic/bc1b94fd65c5da5bc2d59edf8927ab30
B0GK99S4KL,东线长城书店,118.8014724,32.05113984,书店,购物服务;专卖店;书店,龙蟠中路93号,南京市,玄武区,4,http://store.is.autonavi.com/showpic/81b8db55a81a29d76d6f0460bd05f321
B0IG6AEA6V,启航书店,118.8100612,32.10202427,书店,购物服务;专卖店;书店,华电路83号-18,南京市,栖霞区,4,http://store.is.autonavi.com/showpic/109597ba261b7d12c98f5885aa41ec02
B0FFHYJFQR,兰可琪绘本馆(紫元府店),118.8209673,31.93043957,书店,购物服务;专卖店;书店,庄排路158号紫元府3幢15楼,南京市,江宁区,4,
B0FFFO5UF0,博然书店(同曦商业街店),118.8185158,31.94569948,书店,购物服务;专卖店;书店,同曦农贸市场1层西门旁,南京市,江宁区,4,http://store.is.autonavi.com/showpic/e8fa63318ad64271936c9178d857d996
B0FFKYZ8K7,商量书房(东山国际滨河街区店),118.8207654,31.95794245,书店,购物服务;专卖店;书店,上元大街155号东山国际滨河街区F1层,南京市,江宁区,4,http://store.is.autonavi.com/showpic/fbd5945cfcb82af7687defaa677e5af8
B0G2M1ZK9H,玉德文具书店,118.8255609,32.14007212,书店,购物服务;专卖店;书店,燕子矶街道门坡街18-25室,南京市,栖霞区,4,http://store.is.autonavi.com/showpic/94091231fc24f5ed5bb9a5994dcf1ac9
B0IR413XP8,温暖书房(绿野大厦店),118.8420053,31.95599762,书店,购物服务;专卖店;书店,上元大街518号绿野大厦F12层,南京市,江宁区,4,
B0FFK21ASQ,美好童画绘本馆(紫金南苑店),118.8442656,32.0247005,书店,购物服务;专卖店;书店,紫金东路紫金南苑,南京市,玄武区,4,
B0I0K6VME9,文云书店,118.8447598,32.04413979,书店,购物服务;专卖店;书店,铁匠营80号23幢,南京市,玄武区,4,http://store.is.autonavi.com/showpic/f0e61cb4d1a9131d1c6f92003f30744e
B0FFF2948V,博翔书店(尧化门店),118.8771384,32.12195474,书店,购物服务;专卖店;书店,尧佳路19-33号,南京市,栖霞区,4,
B0IUVAOO86,老约翰绘本馆栖霞店,118.9053304,32.03874126,书店,购物服务;专卖店;书店,花港路18号8-113,南京市,栖霞区,4,http://store.is.autonavi.com/showpic/251a062231a6aeee123578842c92515e
B0FFJH3RDA,南京师范大学仙林校区勤工助学书市,118.9053325,32.10430941,书店,购物服务;专卖店;书店,敏行路与笃学路交叉口东南60米,南京市,栖霞区,4,
B0I2CZCVV5,沐欣书店,118.6332204,31.78955513,书店,购物服务;专卖店;书店,陆郎社区大元街23号,南京市,江宁区,4,
B0FFLPEA6A,上书房书店,118.9104275,31.34116913,书店,购物服务;专卖店;书店,雅居乐花园16栋112室雅居乐小学门口,南京市,高淳区,4,
B00190ZKY4,逸志书店,118.9299012,32.42248019,书店,购物服务;专卖店;书店,六冶南路4号,南京市,六合区,4,
B0H21S5ZVU,南京壹鸣图书(万达茂・中心C座店),118.9862459,32.12425242,书店,购物服务;专卖店;书店,万达茂C座2104(仙林湖地铁站2号口步行360米),南京市,栖霞区,4,
B0IRUC68FG,安然书舍(嘉德园店),119.0281032,31.63563614,书店,购物服务;专卖店;书店,南堡巷与随园路交叉口西220米,南京市,溧水区,4,
B0FFGER4YL,哆啦a梦书店,119.1745845,31.5791618,书店,购物服务;专卖店;书店,白马镇中心小学大门口,南京市,溧水区,4,
B0IGBUOFVM,大白衣行绘本阅读,118.6788207,31.97878725,书店,购物服务;专卖店;书店,海峡城新亭街10-2号1室3楼,南京市,建邺区,4.1,http://store.is.autonavi.com/showpic/ef63ae6d037508a0c26a9279df88a0ce
B0G2AK2Q92,书之家书店,118.6993106,32.11307931,书店,购物服务;专卖店;书店,万江幼儿园东北门旁,南京市,浦口区,4.1,http://store.is.autonavi.com/showpic/d100cf5c9255456ecc11812292e3a6e2
B0IG2H7UVA,谦禾书房,118.7088934,32.00537615,书店,购物服务;专卖店;书店,乐山路190号,南京市,建邺区,4.1,http://store.is.autonavi.com/showpic/b88f80dac2c121599059559fceb62126
B0G0P4BBZT,小石头书店,118.7155979,32.10431612,书店,购物服务;专卖店;书店,宁港路浦口公园内(东侧),南京市,浦口区,4.1,
B0G30BERZJ,建房(河西CBD店),118.7197151,31.99645648,书店,购物服务;专卖店;书店,奥体大街133号河西CBD,南京市,建邺区,4.1,http://store.is.autonavi.com/showpic/abbeef1aa394576d3da742a9d326b2e3
B0I2X50DPI,青禾书屋(天润城十二街区店),118.7241621,32.15423027,书店,购物服务;专卖店;书店,天华东路与天华北路交叉口东100米,南京市,浦口区,4.1,http://store.is.autonavi.com/showpic/7d0be3289ae612967e4861de48d481dd
B001906ZOI,南湖书店,118.7497148,32.03195027,书店,购物服务;专卖店;书店,南湖玉塘东街4-11号,南京市,建邺区,4.1,http://store.is.autonavi.com/showpic/b51d7d2bc56b08a3bc08fa3501e5a3f5
B0FFKNET9G,随园书店,118.7635819,32.05475866,书店,购物服务;专卖店;书店,宁海路122号南师大随园校区600号楼,南京市,鼓楼区,4.1,http://store.is.autonavi.com/showpic/a7436bc07453cb89c89ac65827d8c7a2
B0HDY5QIS6,南京建筑书店(中山北路店),118.7582288,32.07443185,书店,购物服务;专卖店;书店,南京市鼓楼区水佐岗73号-5,南京市,鼓楼区,4.1,http://store.is.autonavi.com/showpic/6de49697a32ebf88ee2545fc540d09e2
B0FFJRX6LM,柯文书店,118.7573548,32.0832945,书店,购物服务;专卖店;书店,三牌楼大街颂德里交通一村24-36号,南京市,鼓楼区,4.1,http://store.is.autonavi.com/showpic/eccc65133cbc0db33baa87b3608f20fa
B0FFK7OUZV,文艺旧书店,118.7609999,32.08447796,书店,购物服务;专卖店;书店,广东路新门口社区,南京市,鼓楼区,4.1,http://store.is.autonavi.com/showpic/55b1a910f3121ba6e33df9cfae15fe91
B001906TQT,金玉建筑书店(升州路店),118.7745038,32.02668486,书店,购物服务;专卖店;书店,升州路127-11号(三山街地铁站2号口步行290米),南京市,秦淮区,4.1,http://store.is.autonavi.com/showpic/5c1308c2893e8b0ded9c7702eb85ee40
B0FFG0AZA1,中国建筑书店(江苏销售中心),118.7744328,32.04724645,书店,购物服务;专卖店;书店,兰之堂5号(近慈悲社),南京市,鼓楼区,4.1,http://store.is.autonavi.com/showpic/c4e4e8ccda7ac8e93bd9b7a998228787
B0FFF90P5N,辉煌旧书店,118.770748,32.06397015,书店,购物服务;专卖店;书店,湖南路街道云南路四条巷,南京市,鼓楼区,4.1,http://store.is.autonavi.com/showpic/6d639594a1f5ca560cb897490b40c227
B0HBP5CZI4,歌子书店,118.7810799,32.01724219,书店,购物服务;专卖店;书店,堆草巷25号,南京市,秦淮区,4.1,http://store.is.autonavi.com/showpic/6ff37711b244eff6a9f517c7c0832f75
B0I27AN6Q7,一间很小的书店(1912店),118.7907246,32.04717687,书店,购物服务;专卖店;书店,太平北路68号(大行宫地铁站5号口步行350米),南京市,玄武区,4.1,http://store.is.autonavi.com/showpic/3d552b52012f83d712038075dd7b0ea0
B0H1V5RJT1,一间很小的书店(南京南站店),118.7974527,31.9698649,书店,购物服务;专卖店;书店,民智路2号证大喜马拉雅MN座F6层,南京市,雨花台区,4.1,
B0HD7CR0Z2,小镇书屋(砂之船奥特莱斯艺术商业广场店),118.8226163,31.8705957,书店,购物服务;专卖店;书店,秣周东路18号砂之船奥特莱斯艺术商业广场F1,南京市,江宁区,4.1,http://store.is.autonavi.com/showpic/60ff33776aaf5cfba906f2b48f44bf7b
B001912J3Y,必其文具书店,118.8238465,32.10423393,书店,购物服务;专卖店;书店,月苑营苑西村90-9,南京市,玄武区,4.1,http://store.is.autonavi.com/showpic/5926cf808727975bc4f7fefcbfba59c0
B0GK9LSC0T,华语书店,118.8367791,31.91623205,书店,购物服务;专卖店;书店,清水亭东路158号南京恒大绿洲,南京市,江宁区,4.1,http://store.is.autonavi.com/showpic/d5f96f6bf46cdf31b82c78f455579757
B0FFKE77DT,逸轩书店,118.8377606,31.94451323,书店,购物服务;专卖店;书店,新亭西路105号骆村新寓13-3,南京市,江宁区,4.1,http://aos-cdn-image.amap.com/sns/ugccomment/d5c52265-f136-49ec-8cb5-4f1ae7b29730.jpg
B0FFGZYGJO,砺锋书局(志宁花园店),118.8402641,31.95187551,书店,购物服务;专卖店;书店,江宁东山街道竹山路59号江宁万达广场3栋14(含1-2层)室,南京市,江宁区,4.1,http://store.is.autonavi.com/showpic/63608cb8d8f28964f6b87a68b9730a1a
B0HBBK0IDI,读立书店,118.8497945,32.05757953,书店,购物服务;专卖店;书店,石象路7号中山陵景区,南京市,玄武区,4.1,
B0HKOUL19D,国茗书店,118.8570119,31.96696661,书店,购物服务;专卖店;书店,湖西雅居西苑东北门旁,南京市,江宁区,4.1,http://store.is.autonavi.com/showpic/032c2e8f7f33f9d13acd3957ab334ee2
B0H2H1J1B0,南京中江图书有限公司,118.8670809,32.1430372,书店,购物服务;专卖店;书店,南京经济技术开发区恒广路26号宏安医疗B栋2楼,南京市,栖霞区,4.1,
B0HKOHHUPZ,共读书房(东城汇店),118.9033244,32.0996567,书店,购物服务;专卖店;书店,文苑路8号东城汇F2层,南京市,栖霞区,4.1,http://store.is.autonavi.com/showpic/2da6b392413d224304d48d55023b11e4
B0FFFDXNDN,一号书店,118.9083247,32.10019189,书店,购物服务;专卖店;书店,学衡路仙林新村-北区,南京市,栖霞区,4.1,http://store.is.autonavi.com/showpic/935f2dee63dcb021469187d763eb5a87
B0FFKSJ3Y2,凤凰文澜书店,118.934506,32.13187009,书店,购物服务;专卖店;书店,文澜路99号南京信息职业技术学院商业街1栋2楼,南京市,栖霞区,4.1,http://s-pic.oss-cn-beijing.aliyuncs.com/desensitize/images/publish/58cfaedd914d244c66dcf317f460eafc.jpg
B0GK7R32K0,星甸中心街移动营业厅原新华书店,118.4449069,32.0340311,书店,购物服务;专卖店;书店,中心街与何家巷子交叉口东40米,南京市,浦口区,4.1,
B0IGRUWKJ2,樊登店,118.7683907,31.82984712,书店,购物服务;专卖店;书店,东吉大道1号12号楼樊登书店,南京市,江宁区,4.1,
B001906FD3,大家乐书店(镇北路店),118.8631803,31.32643771,书店,购物服务;专卖店;书店,淳溪镇镇北路25栋6-7号,南京市,高淳区,4.1,
B0FFIPJPDI,新曙光教辅书店,118.8439345,32.34653966,书店,购物服务;专卖店;书店,棠城路百树园门面房5-7号凯旋假日酒店的旁边,南京市,六合区,4.1,
B0FFKY7STO,智学书屋(百树园店),118.8442852,32.34646628,书店,购物服务;专卖店;书店,六合区双语小学西门,南京市,六合区,4.1,
B0FFGC8PQZ,三味书屋(古江路店),118.9334556,31.36692881,书店,购物服务;专卖店;书店,古江路南京市高淳人民医院,南京市,高淳区,4.1,
B0FFM7G279,垄上・隐舍书室,119.0564998,31.33986082,书店,购物服务;专卖店;书店,东坝街道垄上村9号,南京市,高淳区,4.1,
B00190CRL6,老书店,119.1603147,31.37029222,书店,购物服务;专卖店;书店,永宁东街2-4号(农业银行对面),南京市,高淳区,4.1,
B0FFGT8GD6,雅书阁(花样年・花生唐店),118.6546897,31.90881785,书店,购物服务;专卖店;书店,花生唐购物公园五栋417(尚品宫自助纸上烧烤楼上),南京市,雨花台区,4.2,http://store.is.autonavi.com/showpic/3dc7e795b75f1691adba3ab004cb2ad2
B0GK1C0H0M,有昊书店,118.7189159,32.11883913,书店,购物服务;专卖店;书店,大华绵绣华城榴美颂14幢1单元101室,南京市,浦口区,4.2,http://store.is.autonavi.com/showpic/5a4ac4ca3c5f5f96c698506fd01d42cc
B0IGC5CIUA,漫书咖城市生活馆(南京建邺吾悦广场店),118.7322579,32.038763,书店,购物服务;专卖店;书店,江东门北街与江东中路交叉口西80米,南京市,建邺区,4.2,
B0FFIATFZP,挥毫书店(明发外滩广场店),118.7368249,32.13241097,书店,购物服务;专卖店;书店,滨江大道1号明发滨江新城249栋1216室,南京市,浦口区,4.2,http://store.is.autonavi.com/showpic/3fdb11901a6e8477a49d9b30378b5dfa
B001909GFA,乐书社(汉口西路200号小区店),118.7590977,32.05723836,书店,购物服务;专卖店;书店,西康路1号,南京市,鼓楼区,4.2,http://store.is.autonavi.com/showpic/8f039db2fe968427647cfdf94e7d64af
B0I1BC1TA7,华途书屋(宏图・上水庭院店),118.7709039,31.97935602,书店,购物服务;专卖店;书店,花神大道11-28,南京市,雨花台区,4.2,http://store.is.autonavi.com/showpic/4c0dd5a3727826094f11030301ae1348
B0G231F237,大国书房(长发・诸公店),118.770631,31.99796711,书店,购物服务;专卖店;书店,雨花南路5号诸公面馆3楼,南京市,雨花台区,4.2,
B0FFF3AGHW,锺书书店(长乐路店),118.7825556,32.01888121,书店,购物服务;专卖店;书店,夫子庙街道长乐路88号,南京市,秦淮区,4.2,http://store.is.autonavi.com/showpic/1e94295dcbce787dec23c6d907960a7e
B0FFHK1RLA,大众书局护童学习桌专柜(国药大厦店),118.7758375,32.04488618,书店,购物服务;专卖店;书店,国药大厦(沈举人巷)国药大厦,南京市,鼓楼区,4.2,
B0I63RY751,教育书店,118.7851208,32.04314673,书店,购物服务;专卖店;书店,中山东路与西祠堂巷交叉口西南40米,南京市,秦淮区,4.2,http://store.is.autonavi.com/showpic/25e1b7e9b6bb73f0b0a695b73dbebf96
B0G2Z7IOSS,万卷旧书杂件店,118.788742,32.0529555,书店,购物服务;专卖店;书店,双井巷与沙塘园交叉口西北20米,南京市,玄武区,4.2,http://store.is.autonavi.com/showpic/8e91c92e630ff230ae35cb91fbe2261d
B0G24CG6PY,乐之书店,118.7979512,31.94085802,书店,购物服务;专卖店;书店,通淮街77号,南京市,江宁区,4.2,http://store.is.autonavi.com/showpic/aba88e42bedef4ebee1a7bf88676ac42
B001908U6C,御苑书社(民航宿舍店),118.8096727,32.03378277,书店,购物服务;专卖店;书店,瑞金路50号7,南京市,秦淮区,4.2,http://store.is.autonavi.com/showpic/4f975a17ebc48880a1251c4f32e56996
B0FFH0GI7C,长城书店(龙蟠路店),118.8072316,32.05891916,书店,购物服务;专卖店;书店,玄武门街道太平门街一号,南京市,玄武区,4.2,http://store.is.autonavi.com/showpic/8fa938ac93091c3b4b97cc6ef6f26bc5
B0G25CVV0Q,文都书店,118.8067356,32.05911336,书店,购物服务;专卖店;书店,太平门街53号,南京市,玄武区,4.2,http://store.is.autonavi.com/showpic/6ffb612ecda65f4d2c7442a0894ea609
B0IBZSWWHR,力学堂儿童书店,118.810517,32.10230013,书店,购物服务;专卖店;书店,华电路81-11号,南京市,栖霞区,4.2,http://store.is.autonavi.com/showpic/278b9a59776075a963eb1c4892436408
B0FFL17MRW,康博睦邻书房(康博花园亲情公寓店),118.8227648,31.90172556,书店,购物服务;专卖店;书店,文心街28号亲情公寓2幢,南京市,江宁区,4.2,http://store.is.autonavi.com/showpic/677bc4df45da1874d4346912a696d1d0
B0FFJ4GJWM,有米亲子绘本馆(竹山路校区),118.8402534,31.93747421,书店,购物服务;专卖店;书店,竹山路368号三楼(彩滋堂楼上),南京市,江宁区,4.2,http://store.is.autonavi.com/showpic/311d356c199c11aed32fc35ebef55e99
B0I12S6W4E,大Q小q(龙湖南京龙湾天街店),118.8369914,31.94047088,书店,购物服务;专卖店;书店,谭园西路199号龙湾天街4F-15,南京市,江宁区,4.2,http://store.is.autonavi.com/showpic/c8f28a66091a315b51e819815b2711a1
B0GUXR9BS2,翰文布客书店,118.8401956,31.95594332,书店,购物服务;专卖店;书店,上元大街489号飞飞商场1层,南京市,江宁区,4.2,http://store.is.autonavi.com/showpic/405362571c35ffcee81492dcfa35a94f
B0FFH2V8XG,博学书店(新亭路店),118.8440034,31.94493067,书店,购物服务;专卖店;书店,东山街道新亭路290号,南京市,江宁区,4.2,http://store.is.autonavi.com/showpic/61f8550a30092d738657ee76d4fc98e0
B0GK059FFH,学成书店,118.8511283,31.95453822,书店,购物服务;专卖店;书店,金箔路168号金宝家具城二厅10号,南京市,江宁区,4.2,http://store.is.autonavi.com/showpic/46f215b6993557921aab6ba8b2108797
B0G3758IAM,老约翰绘本馆江宁区店,118.9000012,32.02806907,书店,购物服务;专卖店;书店,麒麟街道启迪方洲朗园底商105商铺,南京市,江宁区,4.2,http://store.is.autonavi.com/showpic/7478256c8f1bb2bc40b1e28f59362789
B0G295ODB4,红书包悦读书房(麒麟紫荆城建南苑店),118.9174834,32.04514044,书店,购物服务;专卖店;书店,紫荆城建南苑1栋104门面,南京市,江宁区,4.2,http://store.is.autonavi.com/showpic/48b981226df8a0a6c5fcdd77e2053fe9
B0FFJ4DPA7,考培书店,118.8769018,31.70350469,书店,购物服务;专卖店;书店,航金大道88号步行街,南京市,江宁区,4.2,
B0FFFCLLHK,励学书店,118.9553061,32.11032302,书店,购物服务;专卖店;书店,仙林大道和园商业街168幢12室,南京市,栖霞区,4.2,
B0FFLHNDE5,涅谛文化书店,118.9787962,32.1232479,书店,购物服务;专卖店;书店,守敬路9号11幢104金陵中学仙林分校对面,南京市,栖霞区,4.2,
B0FFFEZ44Y,新华书店(浦口店),118.622746,32.05854358,书店,购物服务;专卖店;书店,中圣南街凤凰台天凤国际3层,南京市,浦口区,4.3,http://store.is.autonavi.com/showpic/7569dff5a52431f83d5bc0a5286e7b9c
B0FFIBSM2V,知行书店,118.6163189,32.07283544,书店,购物服务;专卖店;书店,象山路5号,南京市,浦口区,4.3,http://store.is.autonavi.com/showpic/37cde79d0f91ebe6031ca9a581fba9d2
B0FFJO6RF5,基因云书房(基因大厦店),118.6356811,32.03978166,书店,购物服务;专卖店;书店,基因大厦A栋1层,南京市,浦口区,4.3,http://store.is.autonavi.com/showpic/c407e3a90652c0b5857f59a6984c71af
B0G03RFTGH,大众书局(南京雨花吾悦广场店),118.648302,31.91401418,书店,购物服务;专卖店;书店,雨花吾悦广场,南京市,雨花台区,4.3,http://store.is.autonavi.com/showpic/0d5397a43443c8c8a2ca6044b1af4067
B0FFLCZIMV,晨光文具泰山小学店,118.7050925,32.13980738,书店,购物服务;专卖店;书店,泰山街道弘泰路6号15栋121室,南京市,浦口区,4.3,http://store.is.autonavi.com/showpic/5f5e1fc1971826f0cfa8660dd20a9a16
B0FFJGKH4T,左岸书屋(弘阳・爱上花园店),118.7061218,32.13930576,书店,购物服务;专卖店;书店,弘泰路(弘阳爱上花园)6号9幢132,南京市,浦口区,4.3,http://store.is.autonavi.com/showpic/c094dceb59e2f6b8cacadd2938869b1d
B0FFLC6N2B,连福书店,118.7173421,31.95560574,书店,购物服务;专卖店;书店,西善桥社区梅岭小区内建设银行后面,南京市,雨花台区,4.3,http://store.is.autonavi.com/showpic/baa6ac9f2cf6c8d34491207249c78def
B0IDRM1XF9,芝麻阅读馆(金奥・缤润汇店),118.7244825,31.99528334,书店,购物服务;专卖店;书店,楠溪江东街83号缤润汇2楼,南京市,建邺区,4.3,http://store.is.autonavi.com/showpic/1326081c1c4b37f3d4ff75ca323a469c
B0GKJZVXD7,凡己书店,118.7276578,31.99808717,书店,购物服务;专卖店;书店,黄山路128号嘉业阳光城天景苑1幢103室,南京市,建邺区,4.3,http://store.is.autonavi.com/showpic/1c5313116499607fe15e15e6a843eb93
B0FFGCY7XC,如思书吧(金奥国际购物中心),118.7207914,32.00092135,书店,购物服务;专卖店;书店,江东中路329号金奥国际购物中心4层427,南京市,建邺区,4.3,http://store.is.autonavi.com/showpic/8081424cdcef3f25a2261d3ab865e558
B0FFKTSTMP,江东凤凰云书坊(江东大厦店),118.7331267,32.04463875,书店,购物服务;专卖店;书店,江东北路101号江东大厦F1层,南京市,鼓楼区,4.3,http://aos-cdn-image.amap.com/sns/ugccomment/e57f1557-a0ae-49c9-8ca1-e7ced2964290.jpg
B0HBGYEDX7,Tales on Moon Lane英国月巷儿童书店,118.7446805,32.06592647,书店,购物服务;专卖店;书店,石头城路99号水木秦淮艺术街区D区1-19,南京市,鼓楼区,4.3,http://store.is.autonavi.com/showpic/383eb258b0e92bc5940a130a18a34648
B0H25YKZE2,三分斋书店,118.7543369,32.02165321,书店,购物服务;专卖店;书店,晔园1栋4号102,南京市,建邺区,4.3,http://store.is.autonavi.com/showpic/66cd563d1021d64b15b8e91dd7f98c82
B0019135B2,新华书店(虹悦城店),118.7604405,32.01134645,书店,购物服务;专卖店;书店,德盈广场619号虹悦城3层M18,南京市,雨花台区,4.3,http://store.is.autonavi.com/showpic/556b74797128051d4f72d93f1079d33a
B0FFHRRRZX,乐淘乐旧书店,118.7677716,32.03206195,书店,购物服务;专卖店;书店,木屐巷1号,南京市,秦淮区,4.3,http://store.is.autonavi.com/showpic/2c9e1f608d2296754d9d182ae79c9417
B0FFFP9VEN,潮流书社(仓巷39-45大院店),118.7679327,32.03199904,书店,购物服务;专卖店;书店,朝天宫街道水西门仓巷39号,南京市,秦淮区,4.3,http://store.is.autonavi.com/showpic/98a7c4e89a4d2b478bbd0d9f87e6b5fe
B0019070XT,葡萄园书房(基督教文化主题),118.7719735,32.0481746,书店,购物服务;专卖店;书店,上海路16-1号,南京市,鼓楼区,4.3,http://store.is.autonavi.com/showpic/f57ae1b722737d8f8eb39dae00135795
B0IDDZ5ZQJ,长三角图书批发市场,118.7728365,32.09977541,书店,购物服务;专卖店;书店,北祥路58号B4栋一楼,南京市,鼓楼区,4.3,http://store.is.autonavi.com/showpic/7020a53568147c7782c46b669fa9cc53
B0I6NANIF6,永力图书批发市场(玉桥美博城店),118.7753574,32.0944915,书店,购物服务;专卖店;书店,建宁路八号玉桥美博城2-3层,南京市,鼓楼区,4.3,http://store.is.autonavi.com/showpic/3d475effab86282a8155d5c17c6b2b3b
B0FFF90Z5X,新华书店(南京教育书店),118.784542,32.04322805,书店,购物服务;专卖店;书店,中山东路128号8室,南京市,秦淮区,4.3,http://store.is.autonavi.com/showpic/55828a3ba310f2ff61fde225
B0FFM5OE6M,凤凰云书坊24小时,118.7780745,32.07095709,书店,购物服务;专卖店;书店,湖南路1号凤凰书城C座(玄武门地铁站出入口步行70米),南京市,鼓楼区,4.3,
B0FFFZX0LC,旅友书屋(南京南站),118.7937184,31.97012841,书店,购物服务;专卖店;书店,玉兰路98号南京南站F3层,南京市,雨花台区,4.3,http://store.is.autonavi.com/showpic/a404a7d65a123d344017ccce6976b9ca
B0FFG3FKBF,好术书店,118.7865841,32.05119434,书店,购物服务;专卖店;书店,珠江路260号(浮桥地铁站2号口步行400米),南京市,玄武区,4.3,http://store.is.autonavi.com/showpic/13161a320230b2ebdc00357c6943a19a
B0FFF9ZQOW,旅友书屋,118.790857,32.08862107,书店,购物服务;专卖店;书店,龙蟠路111号南京站2F层,南京市,玄武区,4.3,http://store.is.autonavi.com/showpic/3e1661a077b63647de578875c51feb98
B001909K8G,青和书城(康安里住宅区店),118.803588,32.01121524,书店,购物服务;专卖店;书店,秦虹南路25-14号,南京市,秦淮区,4.3,http://store.is.autonavi.com/showpic/69cd55e8310ef93f9906ab11f5fb9297
B0019078Y8,万象文化(普华大厦店),118.7954737,32.04248459,书店,购物服务;专卖店;书店,中山东路448-1号(农业银行旁),南京市,秦淮区,4.3,http://store.is.autonavi.com/showpic/1a98037a83227587b8e12b775186e631
B0J6VD8WL9,Grace Street(东鼎大厦A座店),118.801628,32.04780334,书店,购物服务;专卖店;书店,东鼎大厦A座,南京市,玄武区,4.3,http://store.is.autonavi.com/showpic/6a66da1608beb73c8414421d3cba697a
B0I6FUL0I5,字里行间(唯品会南京江宁城市奥莱店),118.8046499,31.9470112,书店,购物服务;专卖店;书店,秣陵街道胜太路11号6层F6001铺位,南京市,江宁区,4.3,http://store.is.autonavi.com/showpic/823248fdc6d2c7a53ca74094760231bd
B0G1Z443XQ,梁塘书屋,118.8061771,31.98726805,书店,购物服务;专卖店;书店,汇景东路与汇景北路交叉口北60米,南京市,秦淮区,4.3,http://store.is.autonavi.com/showpic/a0e8945c296cf21319284e998ec55ffc
B0IAOS0OV6,小卢可童书馆,118.8155596,31.93562676,书店,购物服务;专卖店;书店,双龙大道1568号水晶蓝湾01栋111室,南京市,江宁区,4.3,http://store.is.autonavi.com/showpic/ce5125b696cd383e5f76fe7e1793d7a3
B0FFGH6GDK,三馀书社,118.8215571,32.05577431,书店,购物服务;专卖店;书店,中山陵景区琵琶州路16号,南京市,玄武区,4.3,http://store.is.autonavi.com/showpic/bb6167c06316ce35f91a5e9b2ff1109b
B00190CLW8,金玉建筑书店(竹山路店),118.8408003,31.93980073,书店,购物服务;专卖店;书店,竹山路307-9号,南京市,江宁区,4.3,http://store.is.autonavi.com/showpic/555a797c5f035b0797a7dac060ffa866
B0G1PNHBVF,清晨书店,118.8384449,31.95684531,书店,购物服务;专卖店;书店,上元大街485号华意泰富购物广场F1层,南京市,江宁区,4.3,http://store.is.autonavi.com/showpic/4770c975e2cd4bc1de219826a435e66c
B0FFLK7BIS,创文书店(南农店),118.8377096,32.03099402,书店,购物服务;专卖店;书店,后标营路100号,南京市,玄武区,4.3,http://store.is.autonavi.com/showpic/a06ef36681be4db041e9ca359f851b14
B0FFHT66Z6,大众书局・纸品咖啡(花园城店),118.8902907,32.05325602,书店,购物服务;专卖店;书店,中山门大街699号花园城购物中心1层底商,南京市,栖霞区,4.3,http://store.is.autonavi.com/showpic/135650698f2aa56931e07e17c6a9bbea
B0I37HS42W,扉茑书店,118.9193027,32.11046403,书店,购物服务;专卖店;书店,南京财经大学仙林校区图书馆下方,南京市,栖霞区,4.3,http://store.is.autonavi.com/showpic/a35f205d0b77d190cca6372c175078ce
B0FFL7Z70S,博翔书店,118.9259836,32.15408399,书店,购物服务;专卖店;书店,炼油厂小学后门,南京市,栖霞区,4.3,http://store.is.autonavi.com/showpic/8ae904bcbb1d6fc7803251e355445f77
B0FFGCAW4Z,学友二手书店(南京大学医院东南),118.9497442,32.11647823,书店,购物服务;专卖店;书店,仙林大道163号南京大学仙林校区内,南京市,栖霞区,4.3,http://store.is.autonavi.com/showpic/cbf175b01d7a5754c780a9d43622b6db
B00190Z26P,新智书店(汤农路),118.5069396,32.09275232,书店,购物服务;专卖店;书店,汤泉中学南门旁,南京市,浦口区,4.3,
B0FFFO3ICE,清华苑书店,118.7578865,32.23852767,书店,购物服务;专卖店;书店,杨村路79号,南京市,六合区,4.3,
B0FFFGV15Y,草堂书斋(荷花新苑店),118.8310426,32.34639889,书店,购物服务;专卖店;书店,长江路84号,南京市,六合区,4.3,
B0GU1O1CQL,大众书局(龙湖南京六合天街店),118.8387262,32.33126618,书店,购物服务;专卖店;书店,桥西路与景兰路交叉口西120米,南京市,六合区,4.3,
B0FFM48B53,尚书堂书店,118.9791161,32.12313097,书店,购物服务;专卖店;书店,守敬路9号4幢107-108室,南京市,栖霞区,4.3,
B001906GR0,东方书店(文昌路),118.6229112,32.06498283,书店,购物服务;专卖店;书店,江浦街道鑫海花园18号门面房,南京市,浦口区,4.4,http://store.is.autonavi.com/showpic/166c12c854713454b24556550da155d7
B0H3DMOYOJ,红鲸书店,118.6324915,32.05656376,书店,购物服务;专卖店;书店,盛景路宝隆时代广场12栋104,南京市,浦口区,4.4,http://store.is.autonavi.com/showpic/f8fe12a8656f84ea1272adef1355b738
B001908924,金玉建筑书店(浦东花园北),118.7078976,32.15135736,书店,购物服务;专卖店;书店,泰山新村浦东花园门面店1-27,南京市,浦口区,4.4,http://store.is.autonavi.com/showpic/ef42d17d98401757b4c94755ab773d71
B0FFJ1ET75,鸿学书馆・水吧(泰达路店),118.7145544,32.13626965,书店,购物服务;专卖店;书店,,南京市,浦口区,4.4,http://store.is.autonavi.com/showpic/ada98fe3f3fc484429607fb2a224dcd7
B0FFG8W9L7,江东书房,118.7257087,32.03205365,书店,购物服务;专卖店;书店,润江路1号睿城社区服务中心1层,南京市,鼓楼区,4.4,http://store.is.autonavi.com/showpic/ed4f64427c9c23d559d3b4517e0a1a78
B0HAJA73KQ,o用店,118.7445713,31.96063648,书店,购物服务;专卖店;书店,春江路地铁站1号口步行430米,南京市,雨花台区,4.4,http://store.is.autonavi.com/showpic/b34753fde53e3cc1895d6b24bbae2efe
B0GDSUQT2M,南京艾尚学书店,118.7440073,32.04861079,书店,购物服务;专卖店;书店,清凉门大街56-3号,南京市,鼓楼区,4.4,http://store.is.autonavi.com/showpic/bbef867edf408faeac2e38e459468113
B0FFHS2ZXM,淘书斋图书(凤凰花园城静幽园店),118.7383261,32.04508299,书店,购物服务;专卖店;书店,湛江路静幽园25-2,南京市,鼓楼区,4.4,http://store.is.autonavi.com/showpic/0d5eb8312665cbf81e02e11f95c37216
B0FFK6BQ3C,南京市秦淮区小陈书店,118.768506,32.03381683,书店,购物服务;专卖店;书店,朝天宫街道丁家巷天一居8-6号,南京市,秦淮区,4.4,http://store.is.autonavi.com/showpic/0492492796438b0f57bf2ecfe30450ae
B001908SDF,宏畅医学书店,118.772172,32.04405084,书店,购物服务;专卖店;书店,汉中路129-3号2层(近环亚广场多佐),南京市,秦淮区,4.4,http://store.is.autonavi.com/showpic/5d32bcf38fde76c1e85decc5d3ede48e
B0FFL02MBE,大众书局图书文化有限公司,118.7670859,32.04507245,书店,购物服务;专卖店;书店,汉中路180星汉大厦F11层,南京市,鼓楼区,4.4,
B0G2Z7HURI,宏伟古籍书店,118.7730999,32.05502504,书店,购物服务;专卖店;书店,青岛路10-102号,南京市,鼓楼区,4.4,http://store.is.autonavi.com/showpic/b47ed5eec55f862d3c184e5000a8e125
B0FFF0EY8S,大众书局(南京鹏欣・水游城店),118.7804183,32.02615151,书店,购物服务;专卖店;书店,夫子庙鹏欣水游城1号4楼,南京市,秦淮区,4.4,http://store.is.autonavi.com/showpic/40ec84c588fae8e9676cc7e20b74be0e
B0FFHC864Q,育才书店(中山东路店),118.7839913,32.04327841,书店,购物服务;专卖店;书店,五老村街道中山东路128号-12,南京市,秦淮区,4.4,http://store.is.autonavi.com/showpic/68c9cca516bde70e7542b510d6cbb483
B00190508A,南京法律书店,118.7772423,32.05235818,书店,购物服务;专卖店;书店,广州路14-2号(近地铁珠江路站),南京市,鼓楼区,4.4,http://store.is.autonavi.com/showpic/011a2b8c53e350fafe9b0edd8c2b254f
B0G36DM1Q3,自然印记博物书店,118.780432,32.0726879,书店,购物服务;专卖店;书店,玄武门街道南京规划建设展览馆,南京市,玄武区,4.4,http://store.is.autonavi.com/showpic/14fbb0ae2b8e75cfa9d5131cb6f9e8c2
B0JBZCHCU2,图图教辅书店,118.7759912,32.09310479,书店,购物服务;专卖店;书店,建宁路玉桥商业广场A座二楼2E096,南京市,鼓楼区,4.4,http://store.is.autonavi.com/showpic/0b5ec458d8cc98732993dbb1634bb9e7
B00190YONT,古籍书店(南京杨公井店),118.7875587,32.03737447,书店,购物服务;专卖店;书店,太平南路220号(近常府街),南京市,秦淮区,4.4,http://store.is.autonavi.com/showpic/c146d2164bec9ccc3adef9c3762beb23
B00190BMBP,雅文书店(成贤街),118.7906607,32.05575169,书店,购物服务;专卖店;书店,成贤街文昌桥2号(鸡鸣寺地铁站1号口步行460米),南京市,玄武区,4.4,http://store.is.autonavi.com/showpic/70ac8ba5b7fade6fe4da638f5cab8520
B0FFI6RKFG,樱州书房,118.7883124,32.07502177,书店,购物服务;专卖店;书店,玄武巷1号玄武湖公园樱洲岛西北角(进玄武门直行300米左转400米即到),南京市,玄武区,4.4,http://store.is.autonavi.com/showpic/288b91f76610e97198fad6e6a121599b
B0IG7HRV7T,灯塔书虫馆(恒大翡翠华庭A区店),118.8190605,32.10291074,书店,购物服务;专卖店;书店,龙腾路与营苑南路交叉口,南京市,玄武区,4.4,http://store.is.autonavi.com/showpic/495686017dc985715cc812f9184828b7
B0FFIQZH5U,凤凰吾在书舍(城东店),118.8859689,32.05694338,书店,购物服务;专卖店;书店,环陵路101号复地御钟山会所2层,南京市,栖霞区,4.4,http://store.is.autonavi.com/showpic/97c64ca6aef6ddc4d64dd2fee5c53f1c
B0G0FS87E4,大众书局(新尧金地广场店),118.8845086,32.12651686,书店,购物服务;专卖店;书店,金尧路22号新尧金地广场F4层,南京市,栖霞区,4.4,http://store.is.autonavi.com/showpic/148b2fae289dd61651f7fa72c674b20f
B0FFL77O8M,龙乡双范商量书房,118.7091603,31.78344379,书店,购物服务;专卖店;书店,横溪街道龙乡双范,南京市,江宁区,4.4,
B0FFJLJ81E,初见书房・初见知旅共同体,118.6888559,31.93639889,书店,购物服务;专卖店;书店,夏家村路6号,南京市,雨花台区,4.5,http://store.is.autonavi.com/showpic/a3a77383d36c1b96af660bb22a452c77
B0ID4SMFOP,思翰书屋Belle Vue Books&Cafe,118.705068,31.99363501,书店,购物服务;专卖店;书店,乐山路209号仁恒里新天地旁,南京市,建邺区,4.5,http://store.is.autonavi.com/showpic/627abc4a1130282954d9c5a65e2a263f
B0J6PY0K8E,大众书局,118.7322184,32.03417299,书店,购物服务;专卖店;书店,建邺苏宁百货B1层,南京市,建邺区,4.5,http://store.is.autonavi.com/showpic/f86afdbe75d04ddd28b61811461ab863
B0FFFO5T31,奥迪玩具店(龙树路),118.7413546,32.0563823,书店,购物服务;专卖店;书店,龙江小区蓝天园66-1号,南京市,鼓楼区,4.5,http://store.is.autonavi.com/showpic/0b82bf5bca08443f3def05d3094b1106
B0I24MFQRY,西西弗书店(万象天地店),118.775393,32.02384901,书店,购物服务;专卖店;书店,万象天地店中山南路666号2层L220,南京市,秦淮区,4.5,http://store.is.autonavi.com/showpic/cd22bf044bb0ec0ad082b2af4e94d5ba
B0G0ZHWS2C,南京复兴书店,118.7754496,32.02801601,书店,购物服务;专卖店;书店,熙南里街区(大板巷)55号复兴书店,南京市,秦淮区,4.5,http://store.is.autonavi.com/showpic/8f9064283a167d306f0a4443ef95ba18
B001909HLU,唯楚书店,118.7726664,32.05603891,书店,购物服务;专卖店;书店,汉口路48号2单元101室,南京市,鼓楼区,4.5,http://store.is.autonavi.com/showpic/432eabc1fb01b6c5872484d2ba8c0f90
B001909MOB,新华书店旗舰店,118.7821589,32.04340033,书店,购物服务;专卖店;书店,中山东路56号南京图书发行大厦,南京市,秦淮区,4.5,http://store.is.autonavi.com/showpic/cb03cedf4d07c47342d45255bbee4e6c
B0FFJF8L22,众博图书(华荣大厦店),118.777484,32.04771838,书店,购物服务;专卖店;书店,管家桥85号华荣大厦负一楼,南京市,鼓楼区,4.5,http://store.is.autonavi.com/showpic/23a0945ac8a0ada2dccbee4096430c84
B0FFHILB1P,新华书店(凤凰国际书城),118.7771114,32.07106616,书店,购物服务;专卖店;书店,湖南路1号凤凰广场F1层,南京市,鼓楼区,4.5,http://store.is.autonavi.com/showpic/51405e9e62e46ba59e260dd0ccff3de3
B0FFLCKPEH,新华书店(万象都荟店),118.7919838,32.00069001,书店,购物服务;专卖店;书店,万象都荟2层(卡子门地铁站4号口步行480米),南京市,秦淮区,4.5,http://store.is.autonavi.com/showpic/b2dfac8120a04fd8c058a49e421cbdc0
B0FFK6LMGK,大众书局(招商花园城燕子矶店),118.8286609,32.12465904,书店,购物服务;专卖店;书店,燕城大道1号花园城燕子矶店F2层,南京市,栖霞区,4.5,http://store.is.autonavi.com/showpic/67320b42ada3bf89bb8f1b24f25cdd44
B0G3LCJC8F,西西弗书店(龙湖南京龙湾天街店),118.8369753,31.94062789,书店,购物服务;专卖店;书店,潭园西路199号龙湖南京龙湾天街F1层,南京市,江宁区,4.5,http://store.is.autonavi.com/showpic/46b471d85cc6aefeccc08c5d731dc889
B001906M50,翰文书店,118.8594067,31.94739678,书店,购物服务;专卖店;书店,天印大道1287号,南京市,江宁区,4.5,http://store.is.autonavi.com/showpic/be2a640ebd99237a85a5b4e51149a05d
B0GKXCDHDE,桦墅凤凰农家书屋,119.0150484,32.11260948,书店,购物服务;专卖店;书店,杨柳塘公交站(鸿堰路南)桦墅,南京市,栖霞区,4.5,
B0HK0HEU9M,大众书局(江北虹悦城店),118.6348597,32.06959542,书店,购物服务;专卖店;书店,龙华路1号江北虹悦城L3层,南京市,浦口区,4.6,http://store.is.autonavi.com/showpic/af78b45d06ee3cdf605add2e6ec28d8e
B0G0AYRJ8N,西西弗书店(龙湖南京江北天街店),118.6926365,32.16016538,书店,购物服务;专卖店;书店,文景路99号龙湖南京江北天街F2层,南京市,浦口区,4.6,http://store.is.autonavi.com/showpic/43e3f9c175c0c1c6eef24035a54ad786
B0FFKS6N7J,西西弗书店(华采天地店),118.7173949,32.00010196,书店,购物服务;专卖店;书店,河西中央商务区江东中路258号南京华采天地购物中心F4-32-1号商铺,南京市,建邺区,4.6,http://store.is.autonavi.com/showpic/372e1d03de0a9c5593023e4574bb0ce9
B0IRF5AJXC,朴阅书店,118.7454321,32.08923732,书店,购物服务;专卖店;书店,中山北路346号老学堂创意园东区6栋,南京市,鼓楼区,4.6,http://store.is.autonavi.com/showpic/7c7d92f6c0ee0c136db6f68401e83e21
B001911R59,新华书店(中山北路店),118.7644667,32.07277006,书店,购物服务;专卖店;书店,中山北路217号龙吟广场(近西流湾公园),南京市,鼓楼区,4.6,http://store.is.autonavi.com/showpic/007fe942801616b8ae086deab556afb9
B0FFF3DIEA,新华书店少儿书店,118.7691201,32.06989827,书店,购物服务;专卖店;书店,中山北路86号,南京市,鼓楼区,4.6,http://store.is.autonavi.com/showpic/038db652c40b41512a29e8cb614b95d0
B0FFJRP3O7,睦邻书房(托乐嘉街区店),118.7805125,31.94974201,书店,购物服务;专卖店;书店,江宁经济开发区将军大道9号托乐嘉花园小区,南京市,江宁区,4.6,http://store.is.autonavi.com/showpic/f3b4bba028a982eac16afba50537708c
B0019091O6,新华书店(同曦鸣城店),118.8182792,31.94678929,书店,购物服务;专卖店;书店,胜太东路10-12号(胜太路地铁站2号口步行160米),南京市,江宁区,4.6,http://store.is.autonavi.com/showpic/a13e026c178cc935802edb1fdc3e5165
B00190B0OV,江宁图书大厦,118.838493,31.95689741,书店,购物服务;专卖店;书店,土山路28号(近江宁人力资源市场),南京市,江宁区,4.6,http://store.is.autonavi.com/showpic/0ec517da4853af39dd23a3520fe5c603
B0FFJI64KK,新华书店(六合店),118.8362458,32.34492863,书店,购物服务;专卖店;书店,长江路12号,南京市,六合区,4.6,
B0FFJ5BON6,西西弗书店(万达茂店),118.9859499,32.12472439,书店,购物服务;专卖店;书店,万达茂必胜客楼上(仙林湖地铁站2号口步行310米),南京市,栖霞区,4.6,
B0FFI5J8V7,新华书店(珍珠南路店),119.0275314,31.64364483,书店,购物服务;专卖店;书店,永阳镇珍珠南路99号紫晶大厦2层,南京市,溧水区,4.6,
B0FFKFRXSY,大众书局(弘阳广场店),118.7202093,32.13995173,书店,购物服务;专卖店;书店,浦口桥北路48号弘阳广场B2馆3楼,南京市,浦口区,4.7,http://store.is.autonavi.com/showpic/7a4e68534da9a05eb57448393dd5ee27
B0FFFA03CL,新华书店(江东中路店),118.732,32.01843355,书店,购物服务;专卖店;书店,江东中路209号凤凰文化广场15幢,南京市,建邺区,4.7,http://store.is.autonavi.com/showpic/737e6b91d14bbb1f89700e000c875d05
B0G0K5SODZ,江豚书屋(南京长江江豚监测站),118.7292086,32.09299605,书店,购物服务;专卖店;书店,江边路26号,南京市,鼓楼区,4.7,http://store.is.autonavi.com/showpic/b2f09cb341013f4b665d3e07825cbfdc
B0I1BUYN42,大众书局(金象城购物中心店),118.7307668,32.12937915,书店,购物服务;专卖店;书店,金象城购物中心,南京市,浦口区,4.7,http://store.is.autonavi.com/showpic/0d6842ed6fb9439914fc1b5cb540ef50
B001907UXM,春秋书店,118.7391774,32.05854661,书店,购物服务;专卖店;书店,龙江小区阳光广场9号,南京市,鼓楼区,4.7,http://store.is.autonavi.com/showpic/cc0b28c3f048bdd9203804ba5148f1f2
B0FFM8LVXT,先锋书店(诗人之家),118.7662156,32.0530187,书店,购物服务;专卖店;书店,广州路与宁海路交叉口南约60米,南京市,鼓楼区,4.7,http://store.is.autonavi.com/showpic/e79934e4196cf7a23a75a8baf2c327e6
B0FFG2CNCK,先锋书店(颐和书馆),118.7638419,32.06729255,书店,购物服务;专卖店;书店,江苏路39号,南京市,鼓楼区,4.7,http://store.is.autonavi.com/showpic/beee1d8e19cb0f4758043046790251a9
B0G3M93ROB,一间很小的书店(熙南里店),118.7752604,32.02795783,书店,购物服务;专卖店;书店,大板巷75-1号(三山街地铁站2号口步行390米),南京市,秦淮区,4.7,http://store.is.autonavi.com/showpic/24570946de6e2c754bc9e02575b93f9b
B0FFHDJA0R,骏惠书屋,118.7802172,32.01359442,书店,购物服务;专卖店;书店,老门东历史文化街区边营2号,南京市,秦淮区,4.7,http://store.is.autonavi.com/showpic/3d9de1fb989a0c5b5eb528ab390a9aeb
B0FFMCP0DZ,三余书社(熙南里店),118.7765229,32.02652467,书店,购物服务;专卖店;书店,中山南路15号熙南里街区9栋,南京市,秦淮区,4.7,http://store.is.autonavi.com/showpic/d3ea8737e919d479b97461d0166c1435
B0I01CTJZA,啡你・Book臻选书店,118.7778928,32.04299972,书店,购物服务;专卖店;书店,汉中路1号国际金融中心B-D,南京市,秦淮区,4.7,http://store.is.autonavi.com/showpic/d10ded4fab35b817a8f855968e2091b4
B0I3OH2RZR,拱廊计划,118.7839728,32.04805746,书店,购物服务;专卖店;书店,洪武北路116号2F(小康咖啡斜对面),南京市,玄武区,4.7,http://store.is.autonavi.com/showpic/1c127859285d6d774ed70898661afc0d
B0I1RA1M6E,极客站共享书房(南京南站店),118.7904996,31.9671262,书店,购物服务;专卖店;书店,高铁网谷C座2楼,南京市,江宁区,4.7,http://store.is.autonavi.com/showpic/fe23a9b66bd36377e028b33a968cbb35
B0FFIYLP0R,文采书屋,118.7876758,32.01740707,书店,购物服务;专卖店;书店,莲子营44号长乐路与莲子营交界处旁边红瓦二层小别墅铁门内,南京市,秦淮区,4.7,http://store.is.autonavi.com/showpic/7fb806f447c0c963c49ca07110fc1843
B0FFLB0B57,当当书店(夫子庙步行街店),118.7851587,32.02285617,书店,购物服务;专卖店;书店,夫子庙贡院街122号秦淮礼物三楼,南京市,秦淮区,4.7,http://store.is.autonavi.com/showpic/32a3925400e17932f18ac42dbc355326
B001907C56,新华书店教育书店(中山东路店),118.7851678,32.04316979,书店,购物服务;专卖店;书店,中山东路130号(新街口地铁站24号口步行410米),南京市,秦淮区,4.7,http://store.is.autonavi.com/showpic/4286874f59385036daabaa833c581b50
B0019078OM,南京外文书店,118.7890945,32.04285371,书店,购物服务;专卖店;书店,中山东路218号长安国际中心1层,南京市,秦淮区,4.7,http://store.is.autonavi.com/showpic/63519f9961c8b7fb6597b170399f08ec
B0FFM8LUE5,先锋书店(长江路店),118.7923131,32.04653593,书店,购物服务;专卖店;书店,长江路292号总统府中轴线,南京市,玄武区,4.7,http://store.is.autonavi.com/showpic/c7c5ab6e51b6989bff9ab3b71a797913
B0G0FXCEG5,大众书局(龙蟠汇店),118.7967846,32.02390535,书店,购物服务;专卖店;书店,龙蟠中路龙蟠汇购物中心2楼,南京市,秦淮区,4.7,http://store.is.autonavi.com/showpic/78e190e567da5a3312c4a9e00fe637a8
B0FFHDYN0W,大众书局(太阳城店),118.8172306,31.92947143,书店,购物服务;专卖店;书店,双龙大道1539号21世纪太阳购物中心A区1层,南京市,江宁区,4.7,http://store.is.autonavi.com/showpic/4e252e6e518a4b29034385142a60d214
B0I1F7SQLB,新华书店,118.8360591,31.95508249,书店,购物服务;专卖店;书店,上元大街395号恒通大厦F5层,南京市,江宁区,4.7,http://store.is.autonavi.com/showpic/145a9b37fad9542c3f5ae7c14e734099
B0IRAMR5XL,远行书店,118.8373613,32.03764489,书店,购物服务;专卖店;书店,童卫路6号52幢102室,南京市,玄武区,4.7,http://store.is.autonavi.com/showpic/f80082ea609510b8927aab0f3af52a42
B0H15AULFE,题名书店(大学城店),118.8980293,31.91518003,书店,购物服务;专卖店;书店,龙眠大道660号1幢119室,南京市,江宁区,4.7,http://store.is.autonavi.com/showpic/a7f280d36d5fdf256ef427ccdefed806
B0HG3DDUK5,先锋书店(汤山矿坑公园店),119.0323726,32.04156884,书店,购物服务;专卖店;书店,汤山街道美泉路11号,南京市,江宁区,4.7,
B0FFJ8AADB,郊野书屋,119.076377,31.58301348,书店,购物服务;专卖店;书店,竹海大道与246省道交叉口西南240米,南京市,溧水区,4.7,
B0FFIC7K3C,西西弗书店(雨花客厅购物中心店),118.7592098,31.98078896,书店,购物服务;专卖店;书店,E-PARK购物中心B1层,南京市,雨花台区,4.8,http://store.is.autonavi.com/showpic/5f00bff06458f3c31335ab579e4dac09
B0FFF90DI3,学人书店(陶谷新村),118.7718997,32.05616032,书店,购物服务;专卖店;书店,汉口路48号4单元,南京市,鼓楼区,4.8,http://store.is.autonavi.com/showpic/0d7ba47830d978c8ccc704d6681f7329
B0FFF3NEE0,万象书坊,118.7718823,32.05955406,书店,购物服务;专卖店;书店,金银街8号(云南路地铁站3号口步行310米),南京市,鼓楼区,4.8,http://store.is.autonavi.com/showpic/04f1c28ff57fab4522ca23473e37d175
B0FFJFK7QV,一间很小的书店,118.779331,32.01556994,书店,购物服务;专卖店;书店,膺福街20号(漾应・青春里酒店旁),南京市,秦淮区,4.8,http://store.is.autonavi.com/showpic/5675e728300cc90d048a0358c1fcf5d5
B0FFIEZ7TH,先锋书店(老门东店),118.7800551,32.01349522,书店,购物服务;专卖店;书店,老门东历史文化街区边营2号老门东内(西侧),南京市,秦淮区,4.8,http://store.is.autonavi.com/showpic/884afb27e43fcddb4c661ccff7586a87
B0FFFRGOX9,大众书局(国药店),118.776303,32.04450253,书店,购物服务;专卖店;书店,汉中路6号国药大厦1层,南京市,鼓楼区,4.8,http://store.is.autonavi.com/showpic/5a974ffa961e240ac4c2d2e5f97f3981
B0FFKVRWEH,羲和奇点书集(羲和商业广场店),118.7805517,32.05633645,书店,购物服务;专卖店;书店,中山路286号羲和商业广场F2层,南京市,玄武区,4.8,http://store.is.autonavi.com/showpic/b6c38755bc1d7763a38eea81a9cb7450
B00190B6JJ,凤凰国际书城,118.7773477,32.07087335,书店,购物服务;专卖店;书店,湖南路1号(玄武门地铁站出入口步行140米),南京市,鼓楼区,4.8,http://aos-cdn-image.amap.com/sns/ugccomment/b99701d0-d64d-4056-8da3-c57b479585ca.jpg
B0I1ZSNF8V,WOOCLOUD(南京1912街区店),118.7918122,32.04816859,书店,购物服务;专卖店;书店,太平北路60-6号楼(浮桥地铁站3A口步行420米),南京市,玄武区,4.8,http://store.is.autonavi.com/showpic/81dd921868ba5f437ed9f13d10d8784b
B001917DO4,大众书局(南京东城汇店),118.9039102,32.0999217,书店,购物服务;专卖店;书店,文苑路8号东城汇F1层,南京市,栖霞区,4.8,http://store.is.autonavi.com/showpic/fcce26b4678585a722ccbb322398ad0f
B001905YQ1,先锋书店(五台山店),118.7682991,32.05287897,书店,购物服务;专卖店;书店,广州路173号五台山体育馆地下车库(古南都饭店对面),南京市,鼓楼区,4.9,http://store.is.autonavi.com/showpic/63b9a0ce56fb77fc8c7219db7b8facbd
B0I6158LFF,锦创书城,118.8011691,32.04789262,书店,购物服务;专卖店;书店,珠江路锦创数字产业园A座1-4层,南京市,玄武区,4.9,http://store.is.autonavi.com/showpic/4717de3a18e633ae867b355a52759729
B0FFHCO27K,可一书店,118.9253562,32.1023888,书店,购物服务;专卖店;书店,杉湖东路9号(仙林中心地铁站1号口步行480米),南京市,栖霞区,4.9,http://store.is.autonavi.com/showpic/cb233794e4527aeb7f737dc30426646d
B0FFGL395N,胖胖鱼童书(文鼎广场店),118.8938563,31.91715543,书店,购物服务;专卖店;书店,格致路99号文鼎广场F2层,南京市,江宁区,5,http://store.is.autonavi.com/showpic/44f047df266da87bdd72a556a96665d8
B0FFLNF7ML,GUSTTO图书(苏宁慧谷店),118.7183305,32.0337806,书店,购物服务;专卖店;书店,集庆门大街268号苏宁慧谷F1层,南京市,鼓楼区,4.2,
B0FFJF0ADT,江苏凤凰新华书店集团,118.8037999,32.09275364,书店,购物服务;专卖店;书店,红山路105号,南京市,玄武区,4.4,http://store.is.autonavi.com/showpic/fbcc42ce3f9ad4d7c77aebd2c5868a90
B0019079Q1,文荟书店(文荟路),118.9150528,32.0530898,书店,购物服务;专卖店;书店,,南京市,栖霞区,3.7,http://store.is.autonavi.com/showpic/3088b6a2f95f954f8ac83e160403e0a4
B00190ZG8F,南京市非物质文化遗产馆,118.7768541,32.0283734,博物馆,科教文化服务;博物馆;博物馆,熙南里文化街区(三山街地铁站3号口步行380米),南京市,秦淮区,4,http://store.is.autonavi.com/showpic/6ae8655ad9785d3326564e03cc2ea3af
B00190682O,中国南京云锦博物馆,118.7395931,32.03842494,博物馆,科教文化服务;博物馆;博物馆,茶亭东街240号,南京市,建邺区,4.5,http://store.is.autonavi.com/showpic/f165067ca302b6d30d34dbea68d73f80
B00190B8ZD,南京市博物馆,118.7702341,32.03659167,博物馆,科教文化服务;博物馆;博物馆,朝天宫4号,南京市,秦淮区,4.7,http://store.is.autonavi.com/showpic/39703c578c378582d4de6ea2f334445c
B0019067DD,南京市民俗博物馆,118.7764907,32.02789195,博物馆,科教文化服务;博物馆;博物馆,南捕厅15,南京市,秦淮区,4.7,http://store.is.autonavi.com/showpic/d8f18217821175d25c8d3ef9b8375039
B001911KPA,江宁织造博物馆,118.788876,32.04419672,博物馆,科教文化服务;博物馆;博物馆,长江路123号,南京市,玄武区,4.7,http://store.is.autonavi.com/showpic/ccff40b655e7c216e2d0ee4f7f588ae2
B0H3XR19VD,南京城墙博物馆,118.7776993,32.01430901,博物馆,科教文化服务;博物馆;博物馆,新民坊路边营1号,南京市,秦淮区,4.8,http://store.is.autonavi.com/showpic/bec5ec9b9e2f35ab88eb9c21375d95b6
B0019135C5,六朝博物馆,118.7939369,32.04490788,博物馆,科教文化服务;博物馆;博物馆,长江路302号,南京市,玄武区,4.8,http://store.is.autonavi.com/showpic/de50004f8b367977e4d6a3543890a578
B00190BS7S,明孝陵博物馆,118.8383986,32.04723796,博物馆,科教文化服务;博物馆;博物馆,四方城1号,南京市,玄武区,4.9,http://store.is.autonavi.com/showpic/c8ec71257ec7dc3938f39c664974984b
B001907TGR,南京博物院,118.8199269,32.04291341,博物馆,科教文化服务;博物馆;博物馆,中山东路321号,南京市,玄武区,5,http://store.is.autonavi.com/showpic/6d9679442d9f514b78d55213b43d9417
B0FFFLIZOG,南京报业传媒集团(凤舞路),118.6542759,31.93759503,报社,科教文化服务;传媒机构;报社,雨花经济开发区凤舞路15号,南京市,雨花台区,,http://store.is.autonavi.com/showpic/1391703985ff961ae902f8f0e4c57393
B0FFGVUPGN,新华日报社,118.7131338,31.99279352,报社,科教文化服务;传媒机构;报社,河西中央商务区江东中路369号新华报业传媒集团一号楼,南京市,建邺区,,http://store.is.autonavi.com/showpic/bb80883679af9d7c26249a4f2c2e4304
B0FFG28RWO,扬子晚报,118.7143849,31.99308499,报社,科教文化服务;传媒机构;报社,江东中路369号新华报业传媒大厦1号楼,南京市,建邺区,,
B0FFK7NDTG,法制日报(江苏分公司),118.7292926,31.9831834,报社,科教文化服务;传媒机构;报社,嘉陵江东街18号广告产业园2栋701,南京市,建邺区,,http://store.is.autonavi.com/showpic/dac6f4b918f0042976b3c50820fa5951
B0FFI6IBH8,江苏教育报刊总社(草场门大街123大院西),118.7296482,32.05950952,报社,科教文化服务;传媒机构;报社,江东街道草场门大街133号A幢,南京市,鼓楼区,,http://store.is.autonavi.com/showpic/ce9e5d6b6acb02d14fec8e44f3dd3915
B0FFF65HMF,关心下一代周报社,118.7351148,32.05934881,报社,科教文化服务;传媒机构;报社,草场门大街101号文荟大厦8层,南京市,鼓楼区,,
B0FFF65H8L,江苏法制报,118.7350398,32.05970393,报社,科教文化服务;传媒机构;报社,草场门大街101号文荟大厦4层-5层,南京市,鼓楼区,,http://store.is.autonavi.com/showpic/d065c7b55b1bb1d7c959078e89f5cb84
B0FFF2YDUB,农民日报江苏记者站,118.7384895,32.06169861,报社,科教文化服务;传媒机构;报社,月光广场8号江苏农林大厦14-15层,南京市,鼓楼区,,http://store.is.autonavi.com/showpic/982d79ed8f892009580953fc6f49bba9
B001911Q5P,扬子晚报(集庆路发行站),118.7660523,32.02352094,报社,科教文化服务;传媒机构;报社,双塘街道来凤里9栋,南京市,秦淮区,,http://store.is.autonavi.com/showpic/c6c77146cd55061563d4019fc36772bc
B00190AMGW,江苏经济报,118.7640621,32.03443834,报社,科教文化服务;传媒机构;报社,秦淮区虎踞南路90号,南京市,秦淮区,,http://store.is.autonavi.com/showpic/3147950dc0097881b046a8d93cbb88f8
B0FFGPPMNI,江苏工人报社,118.7604002,32.07829141,报社,科教文化服务;传媒机构;报社,中山北路202号江苏工人大厦,南京市,鼓楼区,,
B001909YYV,扬子体育报,118.7700647,32.04976151,报社,科教文化服务;传媒机构;报社,五台山1-3号,南京市,鼓楼区,,http://store.is.autonavi.com/showpic/a5ffaf680481f1de462ec19eb287f19b
B0FFFEA0C7,江苏邮政报社,118.7723575,32.0517367,报社,科教文化服务;传媒机构;报社,华侨路街道广州路101号江苏省邮政公司11楼,南京市,鼓楼区,,http://store.is.autonavi.com/showpic/02180f93653339a504308d1cf10b427a
B001909HIL,中国证券报社,118.7696451,32.05313796,报社,科教文化服务;传媒机构;报社,广州路188苏宁环球大厦21层2105、2116,南京市,鼓楼区,,
B0FFMFPIQ4,江苏工人报,118.7692442,32.05962711,报社,科教文化服务;传媒机构;报社,上海路156-1号(云南路地铁站2号口步行170米),南京市,鼓楼区,,
B00190AD7U,江南时报社,118.7716591,32.07077734,报社,科教文化服务;传媒机构;报社,湖南路181汇鸿国际商厦20层,南京市,鼓楼区,,
B0FFF90TRY,《金陵晚报》老友俱乐部,118.7767208,32.04065106,报社,科教文化服务;传媒机构;报社,石鼓路33东方名苑A1005,南京市,秦淮区,,
B00190BSOA,现代快报社,118.7826253,32.04563335,报社,科教文化服务;传媒机构;报社,洪武北路55号斯亚・置地广场6-8层、9层西、18层、29层,南京市,玄武区,,http://store.is.autonavi.com/showpic/56fa151ba3105a2790eab8d8
B00190BSO9,新华通讯社(江苏分社),118.7825051,32.04552719,报社,科教文化服务;传媒机构;报社,洪武北路55号斯亚・置地广场8层、9层东、10层、30层,南京市,玄武区,,http://store.is.autonavi.com/showpic/07b9a47dfa738c5e368a22311e169420
B001905YX1,新华日报报业集团(总部),118.7780907,32.0464587,报社,科教文化服务;传媒机构;报社,中山路55号新华大厦8-10层、18-20层,南京市,鼓楼区,,http://store.is.autonavi.com/showpic/67721c6aba1e495d900ce3244f87293c
B0FFG4IPJT,南京晨报分类广告,118.7772338,32.04640284,报社,科教文化服务;传媒机构;报社,延安路与管家桥交叉口西北50米,南京市,鼓楼区,,http://store.is.autonavi.com/showpic/533eea39327b22e1aebaa736e4da0369
B0FFI5YTX0,时代学习报社,118.7782046,32.07054113,报社,科教文化服务;传媒机构;报社,湖南路1号凤凰广场F20层,南京市,鼓楼区,,
B001913X4L,老年周报,118.7910358,32.04959084,报社,科教文化服务;传媒机构;报社,太平北路82号长城大厦F3层,南京市,玄武区,,http://store.is.autonavi.com/showpic/01b8525561a357ac3545b1911030d4e5
B0FFG4B05T,日报(鸡鹅巷),118.7858321,32.05046224,报社,科教文化服务;传媒机构;报社,新街口街道鸡鹅巷8号对面,南京市,玄武区,,http://store.is.autonavi.com/showpic/c2d7e99fa9b4b2c6684285883d4cd18b
B0FFFOQ77S,扬子晚报(黄家圩路),118.790741,32.09649955,报社,科教文化服务;传媒机构;报社,黄家圩路54-5号附近,南京市,鼓楼区,,http://store.is.autonavi.com/showpic/d4abb309f5e29c838eb29bb913b48fe7
B00190BTIZ,南京日报社,118.7969729,32.03545026,报社,科教文化服务;传媒机构;报社,龙蟠中路233号南京报业大厦F1层,南京市,秦淮区,,http://store.is.autonavi.com/showpic/5faaa55ba53b0ae8e98305ff94f4a038
B0FFG4E8V7,扬子晚报(白下发行站),118.7961452,32.03784655,报社,科教文化服务;传媒机构;报社,五老村街道常府街2条巷三条巷小学复成里16号,南京市,秦淮区,,http://store.is.autonavi.com/showpic/5f8aef8cba9fed89906d9ca078ecb412
B0FFGYQ4RB,南京林业大学学报自然科学版编辑部(树人路),118.8064603,32.07836307,报社,科教文化服务;传媒机构;报社,龙蟠路159号,南京市,玄武区,,
B00190BVK0,人民日报社南京印务中心,118.8071447,32.12047189,报社,科教文化服务;传媒机构;报社,幕府东路339号,南京市,栖霞区,,http://store.is.autonavi.com/showpic/31a0834c2873b6adb598b13e8ae54e7a
B0FFFCVV04,化工时刊编辑部,118.8147209,31.89171154,报社,科教文化服务;传媒机构;报社,苏源大道99东南大学九龙湖校区材料楼附近,南京市,江宁区,,
B0G33AV2NA,南京日报江宁区发行中心,118.8274424,31.93824348,报社,科教文化服务;传媒机构;报社,西门子路98号,南京市,江宁区,,http://store.is.autonavi.com/showpic/b345bda9e6831a9079aed6395f84cc3d
B0FFFP9WFK,现代快报蓝马甲发行投递,118.8292112,31.95942365,报社,科教文化服务;传媒机构;报社,东山街道北沿路168-5号,南京市,江宁区,,http://store.is.autonavi.com/showpic/747b12bd983496294587ab32b9ab3606
B0FFHWV0JC,南京日报,118.856609,31.9355698,报社,科教文化服务;传媒机构;报社,莱茵达路莱茵东郡商业街云栖苑1栋102号,南京市,江宁区,,
B0FFI75IQ3,南京日报方山服务站,118.856594,31.93559478,报社,科教文化服务;传媒机构;报社,莱茵达路莱茵东郡商业街云栖苑1栋,南京市,江宁区,,http://store.is.autonavi.com/showpic/e13335feb5d636fdfa5cd987f6c6e4d4
B0FFFT3RY0,江苏农业学报,118.8697798,32.04241978,报社,科教文化服务;传媒机构;报社,钟灵街60号(紫金生态园南侧)江苏农业科技报附近,南京市,玄武区,,
B0FFFAK8NZ,人民日报社(玄武大道辅路),118.8794939,32.09842723,报社,科教文化服务;传媒机构;报社,玄武大道699-1号徐庄行政楼3层,南京市,玄武区,,
B0FFF9ZF3R,人民日报社(江苏分社),118.8849972,32.09025491,报社,科教文化服务;传媒机构;报社,玄武湖街道玄武大道动漫走廊三栋,南京市,玄武区,,http://store.is.autonavi.com/showpic/91cd6f8bbf5fdfdf295c568341eb0bef
B0FFF9ZMPY,新华报业传媒集团,118.7142062,31.99291817,报社,科教文化服务;传媒机构;报社,江东中路369号,南京市,建邺区,,http://store.is.autonavi.com/showpic/5b5f6d2f2a275e94537f98bdb0c742c1
B0FFFOMHMG,现代快报,118.8203864,31.97083272,报社,科教文化服务;传媒机构;报社,金盛路与中水路交叉口东220米,南京市,江宁区,,http://store.is.autonavi.com/showpic/81596a70e6fce33ff57a46ba82b29e6b
B00190B5B1,河海大学出版社,118.751422,32.0606187,出版社,科教文化服务;传媒机构;出版社,西康路1号河海大学4号门内港建楼,南京市,鼓楼区,,http://store.is.autonavi.com/showpic/f7954570c16e96ddf0dd9fc2a8950fcf
B001907J56,中国建筑工业出版社江苏总代理发行站,118.7639451,32.03293794,出版社,科教文化服务;传媒机构;出版社,虎踞南路100-102号建宇大厦505,南京市,秦淮区,,http://store.is.autonavi.com/showpic/f6d4d2cc53c8e14a43b13799ca01cb9d
B001907IZ1,中国计划出版社(江苏总代理发行站),118.7639451,32.03293794,出版社,科教文化服务;传媒机构;出版社,虎踞南路100-102号建宇大厦506,南京市,秦淮区,,http://store.is.autonavi.com/showpic/f6d4d2cc53c8e14a43b13799ca01cb9d
B0FFGWQTC8,南京师范大学出版社立体书项目中心,118.7624643,32.05484015,出版社,科教文化服务;传媒机构;出版社,宁海路122号南京师范大学随园校区,南京市,鼓楼区,,
B00190BP6K,江苏新视野,118.765925,32.06839191,出版社,科教文化服务;传媒机构;出版社,山西路57号工贸大厦6层622,南京市,鼓楼区,,http://store.is.autonavi.com/showpic/b8f461a0f908665aa0720d7b1ce3d56a
B0FFKCNVE5,南京大学出版社,118.7719194,32.05974013,出版社,科教文化服务;传媒机构;出版社,金银街8号(云南路地铁站3号口步行320米),南京市,鼓楼区,,http://aos-cdn-image.amap.com/sns/ugccomment/50887175-5f8f-445a-861e-08e62f0ad877.jpg
B0FFH27NND,人民法院出版社江苏工作站,118.7663451,32.06001932,出版社,科教文化服务;传媒机构;出版社,宁海路街道宁海路79号,南京市,鼓楼区,,
B0FFIR204J,译林出版社(玉桥商业广场店),118.7756487,32.09447576,出版社,科教文化服务;传媒机构;出版社,建宁路8号玉桥美博城F2层,南京市,鼓楼区,,
B001909W2W,清华大学出版社南京办事处,118.7835159,32.05143168,出版社,科教文化服务;传媒机构;出版社,珠江路88号新世界中心A座14层1413室,南京市,玄武区,,http://store.is.autonavi.com/showpic/93c7cc0a49f3a055e5afd41a5638aee1
B001906GVW,东南大学出版社(新安里),118.783946,32.05569713,出版社,科教文化服务;传媒机构;出版社,大石桥19号新街口政务大厦北楼3层,南京市,玄武区,,http://store.is.autonavi.com/showpic/dcbc705c4041b7373c9a82b282415a6f
B00190BSQV,江苏教育出版社读者服务部,118.7775231,32.06774884,出版社,科教文化服务;传媒机构;出版社,,南京市,鼓楼区,,http://store.is.autonavi.com/showpic/c6299ea01e2ef8c34d74b8d423376120
B001909R7Y,江苏凤凰文艺出版社,118.778519,32.07103855,出版社,科教文化服务;传媒机构;出版社,中央路165号凤凰广场C座8-10楼,南京市,鼓楼区,,http://store.is.autonavi.com/showpic/e5ffcb99c90f2a8c8f45bd250f13fc33
B001903B98,江苏省出版总社,118.7784188,32.07103245,出版社,科教文化服务;传媒机构;出版社,中央路165号凤凰广场C,南京市,鼓楼区,,http://store.is.autonavi.com/showpic/e5ffcb99c90f2a8c8f45bd250f13fc33
B0FFLA168V,译林出版社,118.7782527,32.07038014,出版社,科教文化服务;传媒机构;出版社,湖南路凤凰广场A楼(玄武门地铁站出入口步行180米),南京市,鼓楼区,,
B0FFFPXEUU,江苏人民出版社,118.7782277,32.0703041,出版社,科教文化服务;传媒机构;出版社,湖南路1号凤凰广场A楼22层,南京市,鼓楼区,,
B00190YOQE,凤凰出版传媒集团(文云巷东段),118.7781897,32.07030906,出版社,科教文化服务;传媒机构;出版社,湖南路1凤凰广场A座(玄武门地铁站出入口步行180米),南京市,鼓楼区,,http://store.is.autonavi.com/showpic/a216db123d536e08a6fb0e0ca537f710
B001905PA1,江苏音像出版社,118.7903476,32.02981544,出版社,科教文化服务;传媒机构;出版社,白下路235号前楼1层,南京市,秦淮区,,http://store.is.autonavi.com/showpic/93f1f07fec8e2ecfa7c9b4e5677a0d83
B0FFFS6FQG,东南大学四牌楼校区出版社(六朝松路),118.7885432,32.05882554,出版社,科教文化服务;传媒机构;出版社,四牌楼2号东南大学(四牌楼校区),南京市,玄武区,,
B0FFH9SE00,东南大学出版社(进香河路),118.7862088,32.05903661,出版社,科教文化服务;传媒机构;出版社,四牌楼2号东南大学(四牌楼校区),南京市,玄武区,,http://store.is.autonavi.com/showpic/bea55ffbb2cd3cf60f4718dd2985239b
B0019135LV,东南大学四牌楼校区出版社(体育馆路),118.7862148,32.05904261,出版社,科教文化服务;传媒机构;出版社,四牌楼2号东南大学(四牌楼校区),南京市,玄武区,,http://store.is.autonavi.com/showpic/3b0722e7118914f37f8ef5a013572ec2
B0FFFCS3AK,南京出版传媒集团,118.8065693,32.05910607,出版社,科教文化服务;传媒机构;出版社,太平门街53号,南京市,玄武区,,http://store.is.autonavi.com/showpic/e89eb1acbe6ac6eb46dafb0ccfdc910c
B001906GEX,南京电影制片厂,118.81158,32.07134248,出版社,科教文化服务;传媒机构;出版社,锁金村街道锁金村8号,南京市,玄武区,,http://store.is.autonavi.com/showpic/b2ce72e4cc17602eeb0325e3ceb0b096
B0FFJ4U1F1,南京师范大学出版社,118.8138798,32.04852658,出版社,科教文化服务;传媒机构;出版社,后宰门西村9号,南京市,玄武区,,http://s-pic.oss-cn-beijing.aliyuncs.com/desensitize/images/publish/f5432defe979f0b0b966694f37a1b132.jpg
B0H6PAMHOD,江苏书海文化传播有限公司,119.0813176,32.21577474,出版社,科教文化服务;传媒机构;出版社,综合保税区进口商品直销中心,南京市,栖霞区,,
B0H66HCQLM,鑫力森文化传媒有限公司,119.0610253,32.18990865,出版社,科教文化服务;传媒机构;出版社,龙潭街道疏港路1号,南京市,栖霞区,,
B0FFGHCHZB,扬子江杂志社,118.7353604,32.00842415,杂志社,科教文化服务;传媒机构;杂志社,梦都大街50号作家协会,南京市,建邺区,,
B0FFGH9RWW,钟山杂志社,118.7349436,32.00918256,杂志社,科教文化服务;传媒机构;杂志社,梦都大街50号,南京市,建邺区,,
B0FFF65HMC,江苏《莫愁》杂志社,118.7351148,32.05934881,杂志社,科教文化服务;传媒机构;杂志社,草场门大街101号文荟大厦7层HIKL座,南京市,鼓楼区,,
B0FFFAJDNR,南京师范大学随园校区文教资料杂志社,118.7615549,32.05542688,杂志社,科教文化服务;传媒机构;杂志社,宁海路122号南京师范大学随园校区,南京市,鼓楼区,,
B00191781U,南京师范大学随园校区化学教与学杂志社,118.7638391,32.05445972,杂志社,科教文化服务;传媒机构;杂志社,宁海路122号南京师范大学随园校区,南京市,鼓楼区,,http://store.is.autonavi.com/showpic/8949275270f073e3d3be93af3235d802
B0FFGHAK31,清风苑杂志社,118.7662403,32.05724765,杂志社,科教文化服务;传媒机构;杂志社,宁海路106号,南京市,鼓楼区,,
B0FFFAJIT7,七彩语文杂志社,118.7648785,32.06752414,杂志社,科教文化服务;传媒机构;杂志社,山西路67号世贸中心大厦A1座12A层10-11,南京市,鼓楼区,,
B0FFJSB9BS,银潮杂志社,118.7574232,32.0789596,杂志社,科教文化服务;传媒机构;杂志社,中山北路281号新城市虹桥中心A座926A,南京市,鼓楼区,,
B0019142TW,群众杂志社,118.7717385,32.0352085,杂志社,科教文化服务;传媒机构;杂志社,建邺路168号4号楼,南京市,秦淮区,,http://store.is.autonavi.com/showpic/506ed25a45d5b00b0d36dff4493f9f1a
B00190B6QG,江苏年鉴杂志社,118.7700266,32.0620302,杂志社,科教文化服务;传媒机构;杂志社,云南路31-1号苏建大厦10层,南京市,鼓楼区,,http://store.is.autonavi.com/showpic/db4cb3731964149e4b7f7340602ebf85
B0FFG9GU93,《收藏与投资》杂志社,118.7802121,32.09058647,杂志社,科教文化服务;传媒机构;杂志社,中央路302号,南京市,玄武区,,
B001911L4K,汽车维护与修理杂志社,118.8074252,32.04535948,杂志社,科教文化服务;传媒机构;杂志社,黄埔路2号黄埔花园1幢109室,南京市,玄武区,,
B0FFJ5M6HS,读南京编辑部,118.8136454,32.04749592,杂志社,科教文化服务;传媒机构;杂志社,后宰门街与北安门街交叉口东40米,南京市,玄武区,,http://store.is.autonavi.com/showpic/4905c69371f459b43bd78dcf8f4f59b5
B0FFGCBAGS,江苏农业科学,118.8697798,32.04241978,杂志社,科教文化服务;传媒机构;杂志社,钟灵街60号(紫金生态园南侧)江苏农业科技报附近,南京市,玄武区,,http://store.is.autonavi.com/showpic/d481e9813e3537c62daed6dc23e4cd1e
B0GDRZD3TE,南京市浦口区档案馆,118.6561429,32.09339981,档案馆,科教文化服务;档案馆;档案馆,七里河大街132号,南京市,浦口区,,http://store.is.autonavi.com/showpic/fee2eeca6a074fc648a527e2f2422f8a
B0FFHGNKWY,南京市建邺区档案馆(雨润大街),118.713971,31.98737319,档案馆,科教文化服务;档案馆;档案馆,雨润大街99号综合双和办公区5栋北楼,南京市,建邺区,,http://store.is.autonavi.com/showpic/7cc1565b31a62467016afd791bf9ece7
B001911RCC,南京市档案馆,118.7170718,32.01664314,档案馆,科教文化服务;档案馆;档案馆,梦都大街168号(梦都大街地铁站1号口步行70米),南京市,建邺区,,http://aos-cdn-image.amap.com/sns/ugccomment/1e51d94b-4ff6-4b5a-a3e7-3709807a5892.jpg
B00190D1JC,南京市方志馆,118.7174074,32.01653773,档案馆,科教文化服务;档案馆;档案馆,梦都大街166号(梦都大街地铁站1号口步行120米),南京市,建邺区,,http://store.is.autonavi.com/showpic/a7198bcda72f9cb811fdc8a2253949ab
B0FFFAJSI1,江苏档案,118.737632,32.00737872,档案馆,科教文化服务;档案馆;档案馆,梦都大街36号,南京市,建邺区,,http://store.is.autonavi.com/showpic/3b395ae5211b3f88c54ba153e2a2e280
B0FFJH278J,南京市秦淮区档案馆,118.7629541,32.01709384,档案馆,科教文化服务;档案馆;档案馆,凤游寺52-14号,南京市,秦淮区,,
B0G1CCQYP4,南京市雨花台区档案馆,118.7751676,31.98241426,档案馆,科教文化服务;档案馆;档案馆,竹影路5号2号楼,南京市,雨花台区,,http://store.is.autonavi.com/showpic/84b9a723fb1fd0de0db979bdba12953c
B00190B593,江苏省档案馆,118.7717227,32.05408272,档案馆,科教文化服务;档案馆;档案馆,青岛路1号,南京市,鼓楼区,,http://store.is.autonavi.com/showpic/fde9692f7509cbcee9b82db026015c61
B0FFGPTMUP,中国第二历史档案馆,118.8087561,32.04240812,档案馆,科教文化服务;档案馆;档案馆,中山东路309号,南京市,玄武区,,http://store.is.autonavi.com/showpic/6ecf80fdade7bd4f026f4a0a2a73af43
B0FFHDDL0R,南京市玄武区档案馆,118.825295,32.1000338,档案馆,科教文化服务;档案馆;档案馆,红山街道月苑南路3号南楼,南京市,玄武区,,http://store.is.autonavi.com/showpic/b991c83fd6b1730ccb6e07d3b278b2a3
B0J6VR71QU,南京市栖霞区档案馆,118.8749145,32.11573525,档案馆,科教文化服务;档案馆;档案馆,尧化门街163号,南京市,栖霞区,,
B0FFIG33WA,南京市江宁区档案馆,118.8946555,31.95097632,档案馆,科教文化服务;档案馆;档案馆,崇业路2号,南京市,江宁区,,http://store.is.autonavi.com/showpic/f2851954800700a333a01c8337a9b819
B0FFGKWOSP,爱心书屋(杜厦图书馆),118.9553285,32.11675225,图书馆,科教文化服务;图书馆;图书馆,仙林大道163号杜厦图书馆F3层,南京市,栖霞区,3.6,
B0H3FU9DOC,悠贝亲子图书馆(栖霞仙林湖店),118.9705752,32.12986497,图书馆,科教文化服务;图书馆;图书馆,香悦澜山小区北门商铺26-45,南京市,栖霞区,3.9,
B001912LLL,周处读书台,118.7874569,32.01273972,图书馆,科教文化服务;图书馆;图书馆,老虎头43-8号(武定门地铁站2号口步行300米),南京市,秦淮区,4,http://store.is.autonavi.com/showpic/150faabcd27bf2eb81405e954de5803a
B0FFLNA8RD,商量书房,118.805704,31.9128743,图书馆,科教文化服务;图书馆;图书馆,九龙湖苏源大道19号,南京市,江宁区,4.2,http://aos-cdn-image.amap.com/sns/ugccomment/926dbdb2-c21f-4ee5-b712-4d3e332c5ef0.jpg
B0I19YSMEC,啡凡书屋,118.8881215,32.02043047,图书馆,科教文化服务;图书馆;图书馆,智汇路266号,南京市,江宁区,4.2,https://aos-comment.amap.com/B0I19YSMEC/headerImg/3da78697d5ef40e6d18e826f58c45daf_2048_2048_80.jpg
B0IKXCVPI0,荔枝自习室(文鼎广场店),118.8908943,31.91671016,图书馆,科教文化服务;图书馆;图书馆,中粮悦天地6栋326,南京市,江宁区,4.2,http://store.is.autonavi.com/showpic/d84c999b6b8115cb514d0773dbb459d1
B0GU1OYVYD,栖阅时光城市书房,118.8451115,32.12090666,图书馆,科教文化服务;图书馆;图书馆,凤和西园,南京市,栖霞区,4.3,http://store.is.autonavi.com/showpic/16c01782d5e2d3281a3be5651bd2a709
B0I0MU3YLL,金陵图书馆×云几书房,118.7321165,31.99007393,图书馆,科教文化服务;图书馆;图书馆,云龙山路与楠溪江东街交叉口西南180米,南京市,建邺区,4.4,http://store.is.autonavi.com/showpic/fc796824bd1caaa1cd1f332762003925
B0HG0YW7NA,南瓜书房沉浸式自习室・会议研讨室,118.8977276,32.08868914,图书馆,科教文化服务;图书馆;图书馆,中南魔力月光广场712,南京市,玄武区,4.6,http://store.is.autonavi.com/showpic/d8de15bde6294167f0c0c4e441d99ba3
B001912HG2,江苏卫生健康职业学院浦口校区图书馆,118.6065103,32.07818729,图书馆,科教文化服务;图书馆;图书馆,珠江镇江浦街道黄山岭路69号,南京市,浦口区,,
B00190ZJF7,德明图书馆,118.6231722,32.06203992,图书馆,科教文化服务;图书馆;图书馆,江浦街道凤凰大道3号,南京市,浦口区,,http://store.is.autonavi.com/showpic/8d2704647955531c210321c0007663a9
B0FFJN5ZRU,浦口区图书馆,118.6215414,32.06883803,图书馆,科教文化服务;图书馆;图书馆,象山路4号,南京市,浦口区,,http://store.is.autonavi.com/showpic/6ce0a18eb43a2e94e42c6e6528b623f8
B0FFFO3JJ1,金陵图书馆(新林社区分馆),118.6399838,31.9081343,图书馆,科教文化服务;图书馆;图书馆,板桥新城新亭大街北100米,南京市,雨花台区,,http://store.is.autonavi.com/showpic/467daf0bea4d7431807628be87e17613
B0FFH1DY35,木小调书吧,118.6397756,31.93631191,图书馆,科教文化服务;图书馆;图书馆,雨花经济开发区凤集大道15号东橙10栋,南京市,雨花台区,,http://aos-cdn-image.amap.com/sns/ugccomment/cde36aff-9422-43b5-b0b2-ce1959ffb1cf.jpg
B0FFJKNRFG,江北图书馆,118.6801102,32.0848567,图书馆,科教文化服务;图书馆;图书馆,石佛路与万寿路交叉口南京公安学校北门南京建工项目部,南京市,浦口区,,https://comment-oss-online.oss-cn-wulanchabu.aliyuncs.com/B0FFJKNRFG/headerImg/1651890801668_temp_1651890803947_c0652078.jpg
B00190B7UO,东南大学成贤学院图书馆,118.6989183,32.15783132,图书馆,科教文化服务;图书馆;图书馆,东大路6号东南大学成贤学院内,南京市,浦口区,,http://store.is.autonavi.com/showpic/db00fa172f24801f59db0bd4f31b5851
B0FFFTWTPC,建邺区图书馆,118.7134648,31.98695574,图书馆,科教文化服务;图书馆;图书馆,雨润大街99号双和综合办公区05栋,南京市,建邺区,,http://store.is.autonavi.com/showpic/4b0e7d375bb54095535cfbdbb9640125
B00190BKRF,金陵图书馆,118.7128313,32.01448691,图书馆,科教文化服务;图书馆;图书馆,乐山路158号(梦都大街地铁站5号口步行480米),南京市,建邺区,,http://store.is.autonavi.com/showpic/04b3f8fcec65a0d1a34cf125392f1dc5
B001913NUH,浦口图书馆(浦口分馆),118.711602,32.10336304,图书馆,科教文化服务;图书馆;图书馆,新马路3号,南京市,浦口区,,http://store.is.autonavi.com/showpic/25c553bc2ff723260d715347ff4803b6
B0FFLBB18T,爱阅之城,118.7143116,32.13820032,图书馆,科教文化服务;图书馆;图书馆,弘阳时代中心一期1栋914,南京市,浦口区,,http://store.is.autonavi.com/showpic/7096b098fc0e93048e40a7b3a15db111
B0G3LZGRVO,鸿学书馆弘阳点,118.7224343,32.14162671,图书馆,科教文化服务;图书馆;图书馆,柳州东路六号上城三区21栋2楼,南京市,浦口区,,http://store.is.autonavi.com/showpic/2b6d188837bd156435e8cd08892acdfd
B00190BSV0,江苏省方志馆,118.7355962,32.00890613,图书馆,科教文化服务;图书馆;图书馆,梦都大街50号,南京市,建邺区,,http://store.is.autonavi.com/showpic/21b9a115ff2d980cce8f6f48e41bb290
B0IAKMEASA,全英文点读图书馆,118.736559,32.05761864,图书馆,科教文化服务;图书馆;图书馆,龙园西路与龙云路交叉口西60米,南京市,鼓楼区,,http://store.is.autonavi.com/showpic/ab2ea49872e419cb8e91e72b39cdc66e
B0FFFTIQYD,鼓楼区图书馆,118.7327966,32.08073688,图书馆,科教文化服务;图书馆;图书馆,二板桥486号,南京市,鼓楼区,,http://store.is.autonavi.com/showpic/a2670041f696101060e0bf49135a9c6a
B0FFH3963A,南京市鼓楼区图书馆24借还室(暂停营业),118.7330754,32.08037162,图书馆,科教文化服务;图书馆;图书馆,南通路与郑和中路交叉口东100米,南京市,鼓楼区,,
B0ID6L54TG,津浦书院(下关西火车主题街区店),118.7378519,32.10491007,图书馆,科教文化服务;图书馆;图书馆,江边路45号,南京市,鼓楼区,,https://aos-comment.amap.com/B0ID6L54TG/headerImg/83258933_A35F_4FB3_BF2E_DA9331E3C4D3_L0_001_IMG_9204_1661323158314_7ba631a8.JPG
B00190AOSM,惜时书馆,118.7488181,32.0614169,图书馆,科教文化服务;图书馆;图书馆,北京西路77-1教育科研楼,南京市,鼓楼区,,http://store.is.autonavi.com/showpic/7279dacbedc061fb4ac48f3c4ed2eedf
B00190B2CB,宝塔桥街道图书馆,118.7571701,32.11141026,图书馆,科教文化服务;图书馆;图书馆,金象路与宝燕中路交叉口东100米,南京市,鼓楼区,,
B00190AGNC,江宁区图书馆东善桥分馆,118.7712947,31.86519606,图书馆,科教文化服务;图书馆;图书馆,东虹花苑29幢,南京市,江宁区,,
B0FFF2HICE,安仁会馆・安仁中医图书馆,118.7711754,32.05284902,图书馆,科教文化服务;图书馆;图书馆,广州路140号随园大厦15层G座,南京市,鼓楼区,,
B0FFFE7PK8,歌德图书馆,118.7679022,32.05970822,图书馆,科教文化服务;图书馆;图书馆,华新巷江苏国际预科学院(上海路),南京市,鼓楼区,,
B001905AR8,鼓楼区图书馆分馆,118.7704694,32.06770876,图书馆,科教文化服务;图书馆;图书馆,中山北路99号鼓楼区文化艺术中心B1层,南京市,鼓楼区,,http://store.is.autonavi.com/showpic/ab7ea11b8a6fc2a8dfe6117757e667e6
B00190ACUB,鼓楼区文化艺术中心电子读物,118.7706766,32.06776493,图书馆,科教文化服务;图书馆;图书馆,中山北路99号鼓楼区文化艺术中心6层,南京市,鼓楼区,,
B00190BPZD,中国药科大学玄武门校区图书馆,118.7734274,32.07393946,图书馆,科教文化服务;图书馆;图书馆,童家巷24号中国药科大学玄武门校区,南京市,鼓楼区,,
B0FFFTJ5VA,中央门街道工人新村社区-图书室,118.7739992,32.08201267,图书馆,科教文化服务;图书馆;图书馆,工人新村82号,南京市,鼓楼区,,
B0FFHFH5AE,小南瓜英文图书馆(翠屏国际店),118.7795826,31.93657203,图书馆,科教文化服务;图书馆;图书馆,将军大道20号翠屏国际城香樟苑7幢111号,南京市,江宁区,,
B0H6V9G6MO,南京市雨花台区图书馆,118.7757852,31.98248283,图书馆,科教文化服务;图书馆;图书馆,竹影路5号3号楼,南京市,雨花台区,,http://store.is.autonavi.com/showpic/5d66502dea7d5ea46c30095f5ecab697
B0FFI947VL,秦淮区图书馆,118.7821981,32.019742,图书馆,科教文化服务;图书馆;图书馆,钞库街21号(夫子庙),南京市,秦淮区,,http://store.is.autonavi.com/showpic/c196f0a0185c295a82cf500b20fafec3
B0FFGSNK78,金陵图书馆24Hour自助图书馆,118.7824159,32.04663134,图书馆,科教文化服务;图书馆;图书馆,长江路101号金陵图书馆24,南京市,玄武区,,http://store.is.autonavi.com/showpic/56fa1526a3105a2790eabed7
B0I1JP5Y0M,大英图书馆,118.7795632,32.04898576,图书馆,科教文化服务;图书馆;图书馆,中山路与韩家巷交叉口东南100米,南京市,玄武区,,
B0FFG7D6LA,青云巷小学-图书馆,118.7760005,32.0682425,图书馆,科教文化服务;图书馆;图书馆,青云巷16-1号,南京市,鼓楼区,,
B0IGK1OY38,金陵图书馆共享图书馆,118.7784505,32.11862835,图书馆,科教文化服务;图书馆;图书馆,旭日景城,南京市,鼓楼区,,
B00190B67M,南京图书馆,118.7905185,32.04401288,图书馆,科教文化服务;图书馆;图书馆,中山东路189号(大行宫地铁站1号口步行140米),南京市,玄武区,,http://store.is.autonavi.com/showpic/bdebbce2bbea7464d7403d1ccf789232
B0019146CJ,总统府图书馆,118.7917071,32.04720423,图书馆,科教文化服务;图书馆;图书馆,长江路292号总统府(西北角),南京市,玄武区,,http://store.is.autonavi.com/showpic/21cafdf5b3f26ef7219a92facddd86f1
B0FFHFO3WF,南京图书馆(成贤街),118.7904236,32.05298575,图书馆,科教文化服务;图书馆;图书馆,南京图书馆江苏胜德老年大学,南京市,玄武区,,http://store.is.autonavi.com/showpic/9fbfca862023a41ae43e35e435d08225
B001908R6A,南京市玄武区少年儿童图书馆,118.791963,32.05272882,图书馆,科教文化服务;图书馆;图书馆,太平北路120-2号(近宏图三胞),南京市,玄武区,,http://store.is.autonavi.com/showpic/c0dbb107a243a45939bbb358e02234cb
B001908XWS,周恩来图书馆,118.7964341,32.04468252,图书馆,科教文化服务;图书馆;图书馆,梅园新村18号,南京市,玄武区,,http://store.is.autonavi.com/showpic/d4a8c2f7b4e423fda0d8e30070ec0d19
B0FFFPTMPB,南京中山植物园图书馆,118.8311375,32.05638145,图书馆,科教文化服务;图书馆;图书馆,前湖后村1号南京中山植物园内(东侧),南京市,玄武区,,http://store.is.autonavi.com/showpic/54df256da310b1a38acf4390
B0FFGLC7NE,金隆图书馆红山街道分馆(暂停营业),118.8303002,32.10522128,图书馆,科教文化服务;图书馆;图书馆,广贤路兴贤佳园-修贤苑,南京市,玄武区,,
B0FFH1AFXP,南京小多灵公益图书馆,118.8371818,31.92868757,图书馆,科教文化服务;图书馆;图书馆,武夷绿洲137幢103号,南京市,江宁区,,
B001905GV6,江宁区图书馆,118.8383146,31.95770127,图书馆,科教文化服务;图书馆;图书馆,土山路46号,南京市,江宁区,,http://store.is.autonavi.com/showpic/3a5308f0829826c98040f01a593ae5d9
B0FFHC588V,迈皋桥街道图书馆,118.8559153,32.1175912,图书馆,科教文化服务;图书馆;图书馆,华电北路21-2号附近,南京市,栖霞区,,http://store.is.autonavi.com/showpic/6a0b25f54280a6f26179277dd18795a2
B0FFIW946G,江宁区图书馆(大里阅读分中心),118.8744584,32.00129776,图书馆,科教文化服务;图书馆;图书馆,觅秀街6-9,南京市,江宁区,,http://store.is.autonavi.com/showpic/17420921f23acd46ed0e600d6d432721
B0FFG9C4BT,栖霞区图书馆,118.8776271,32.13040384,图书馆,科教文化服务;图书馆;图书馆,栖霞区实验小学尧辰路校区对面,南京市,栖霞区,,http://aos-cdn-image.amap.com/sns/ugccomment/fa9415a4-50ed-4af1-8026-4081bb4af150.jpg
B0FFHO0D5T,墨子・书法室・公益图书馆,118.8944836,31.91660851,图书馆,科教文化服务;图书馆;图书馆,格致路99号文鼎广场F4层,南京市,江宁区,,
B0FFI79PF9,江宁区图书馆24小时自助图书馆,118.9188579,32.04703885,图书馆,科教文化服务;图书馆;图书馆,丹霞街麒麟紫荆城,南京市,江宁区,,http://aos-cdn-image.amap.com/sns/ugccomment/e6016596-3af9-40f6-b717-570f220a9b89.jpg
B0FFL2POFF,江宁区图书馆麒麟街道分馆,118.9272389,32.043333,图书馆,科教文化服务;图书馆;图书馆,南京市公安局江宁分局交通警察大队麒麟中队东北门东北60米,南京市,江宁区,,http://store.is.autonavi.com/showpic/998d6b59d1cfc6f3c80bde58d9936fbd
B0FFIQZAYE,江宁区图书馆淳化街道分馆,118.936201,31.93286772,图书馆,科教文化服务;图书馆;图书馆,淳湖佳苑边上,南京市,江宁区,,http://store.is.autonavi.com/showpic/85d1748650b6b69d364edfe1b1c12285
B0FFJ63IYG,浦口区图书馆永宁街道分馆,118.5627779,32.13090667,图书馆,科教文化服务;图书馆;图书馆,府西路与勤业路交叉口南40米,南京市,浦口区,,
B0G14BDXLO,永宁街道自助图书馆,118.56521,32.13594224,图书馆,科教文化服务;图书馆;图书馆,宁泉路与玉兰路交叉口西140米,南京市,浦口区,,
B00190AJBX,思源图书馆,118.7018686,32.18043232,图书馆,科教文化服务;图书馆;图书馆,学府路8号南京大学浦口校区,南京市,浦口区,,
B0GUX670KB,南京市江北新区图书馆A座,118.743726,32.22550997,图书馆,科教文化服务;图书馆;图书馆,新华路与健民路交叉口东北200米,南京市,六合区,,
B0J6KH9NUR,江北新区图书馆,118.7438269,32.22552595,图书馆,科教文化服务;图书馆;图书馆,新华路与健民路交叉口东200米,南京市,六合区,,
B00190CPJH,扬子石化图书馆,118.760385,32.24175684,图书馆,科教文化服务;图书馆;图书馆,扬村三路96号,南京市,六合区,,
B0FFJ4FPFZ,自助图书馆,118.9025129,31.63965312,图书馆,科教文化服务;图书馆;图书馆,影视大道影都雅苑(石湫地铁站2号口步行290米),南京市,溧水区,,
B0GKZC9Z56,图书阅览室,118.9309182,31.58854968,图书馆,科教文化服务;图书馆;图书馆,青锋村村委会西北侧,南京市,溧水区,,
B0FFJ4BGUH,龙都公益图书馆,118.9292793,31.83987771,图书馆,科教文化服务;图书馆;图书馆,九龙路与虹南路交叉口东40米,南京市,江宁区,,
B0HBY5I759,六合区图书馆金牛湖分馆24小时自助图书馆,118.9312,32.42350841,图书馆,科教文化服务;图书馆;图书馆,招贤东路与青龙街交叉口东80米,南京市,六合区,,
B0G14NAHHE,24小时自助图书馆-洪蓝分馆,118.9876863,31.61774655,图书馆,科教文化服务;图书馆;图书馆,华塘佳苑东门北50米,南京市,溧水区,,
B0FFG9FLX1,长江书院,118.9875215,32.20837463,图书馆,科教文化服务;图书馆;图书馆,115县道与洲滩路交叉口西120米,南京市,六合区,,
B00190AHFL,溧水图书馆,119.0163319,31.64972373,图书馆,科教文化服务;图书馆;图书馆,中山西路14号,南京市,溧水区,,
B0FFL6CJLD,东屏街道24H自助图书馆,119.1077851,31.69838866,图书馆,科教文化服务;图书馆;图书馆,东湖南路与西湖路交叉口西南180米,南京市,溧水区,,
B0019148G1,西善桥文化中心,118.7125645,31.95098061,文化宫,科教文化服务;文化宫;文化宫,西善桥街道寺门口45号,南京市,雨花台区,4.7,http://store.is.autonavi.com/showpic/9bc2e31b36c585302b4bc64631b50334
B0IRZO898A,南京海峡两岸科工园文化中心,118.595831,32.04735617,文化宫,科教文化服务;文化宫;文化宫,山林路与台北路交叉口西北220米,南京市,浦口区,,
B0FFI93EE3,南京市浦口区文化馆,118.6218001,32.06912484,文化宫,科教文化服务;文化宫;文化宫,象山路市民中心5层,南京市,浦口区,,http://store.is.autonavi.com/showpic/fd5f49f0a307903e581213dc7b2d4b94
B0FFHH2OXA,南京市浦口区江浦街道文体站,118.626481,32.05399357,文化宫,科教文化服务;文化宫;文化宫,珠泉西路5号,南京市,浦口区,,http://store.is.autonavi.com/showpic/0010cc3579eb234691b0f650e6e6cc2e
B0FFFRVTDC,谷里街道文体活动中心,118.697809,31.86824656,文化宫,科教文化服务;文化宫;文化宫,谷里镇邻里大道50号(近新民花苑),南京市,江宁区,,http://store.is.autonavi.com/showpic/108961e5c904658476756d2483a88d0e
B0FFFTWKRN,建邺区文化艺术中心,118.7129697,31.98526099,文化宫,科教文化服务;文化宫;文化宫,沙洲街道雨润大街99号,南京市,建邺区,,http://store.is.autonavi.com/showpic/2905cbad7b280820e530011fd4461fff
B0FFGCAU9K,建邺区文化馆,118.712786,31.98555629,文化宫,科教文化服务;文化宫;文化宫,雨润大街99号04栋,南京市,建邺区,,http://store.is.autonavi.com/showpic/e1df972361bff218301e3153320059bf
B0FFKXOFSU,桥北文化中心,118.7138772,32.13886799,文化宫,科教文化服务;文化宫;文化宫,柳洲北路与柳园路交叉口东北约120米,南京市,浦口区,,
B00190AKAW,江苏省科学历史文化中心,118.7352754,32.00848421,文化宫,科教文化服务;文化宫;文化宫,梦都大街50号,南京市,建邺区,,http://store.is.autonavi.com/showpic/611d36836d33aaaa0cc14c76fd0f9e40
B0FFFE56XK,南京白云亭文化艺术中心,118.7328585,32.08067383,文化宫,科教文化服务;文化宫;文化宫,南通路与郑和中路交叉口东80米,南京市,鼓楼区,,http://store.is.autonavi.com/showpic/f4f98b6788e706ad955a3b68f75ee75a
B0G2GUOFSY,铁心桥街道文化站,118.7567524,31.96613187,文化宫,科教文化服务;文化宫;文化宫,"铁心桥大街18号,铁心桥文化站",南京市,雨花台区,,
B0FFHK9H4C,南湖文化站,118.7500899,32.03063496,文化宫,科教文化服务;文化宫;文化宫,车站村27号,南京市,建邺区,,
B001913EXT,象山文体活动中心,118.7603452,32.10050705,文化宫,科教文化服务;文化宫;文化宫,幕府西路116号,南京市,鼓楼区,,
B001907GFG,南京市雨花台区文化活动中心,118.7700331,32.00259074,文化宫,科教文化服务;文化宫;文化宫,雨花台风景区共青团路,南京市,雨花台区,,http://store.is.autonavi.com/showpic/13e5febe2fd7ae942b5e8d35229dbed0
B001914C0C,中央门街道文化站,118.7672137,32.08074035,文化宫,科教文化服务;文化宫;文化宫,东柏果园48号南瑞路,南京市,鼓楼区,,http://store.is.autonavi.com/showpic/eec8e3a300e57f246fbb6c97d7d01148
B0FFKK9LUW,江苏省文化馆,118.7791516,32.03940319,文化宫,科教文化服务;文化宫;文化宫,羊皮巷24-1号(新街口地铁站14号口步行200米),南京市,秦淮区,,http://store.is.autonavi.com/showpic/03ac40a049551dbed09776f9974a7a98
B0FFGSN91X,南京市文化馆(长江路),118.78249,32.04644438,文化宫,科教文化服务;文化宫;文化宫,长江路南京文化艺术中心,南京市,玄武区,,http://store.is.autonavi.com/showpic/059b5e3cc544dd6b4748fbc599f61caf
B0FFG8RXAL,南京市文化馆(北极西村步道),118.7840395,32.06335393,文化宫,科教文化服务;文化宫;文化宫,玄武门街道峨眉路12号,南京市,玄武区,,http://store.is.autonavi.com/showpic/b0545357480ee9ba3c229a9eb561c578
B0FFFLK092,鼓楼区幕府山街道文化站,118.7815843,32.11761746,文化宫,科教文化服务;文化宫;文化宫,幕旭西路南京市第二十九中学,南京市,鼓楼区,,http://store.is.autonavi.com/showpic/559a57f7a310b38d66d59fd6
B0FFFLJ8R2,幕府山街道睦邻文体中心,118.7815843,32.11761746,文化宫,科教文化服务;文化宫;文化宫,幕府东路57号云谷山庄40幢3楼,南京市,鼓楼区,,
B0FFGCAYJH,秦虹街道文化站,118.802618,32.01312708,文化宫,科教文化服务;文化宫;文化宫,岗虹苑9号,南京市,秦淮区,,
B001906QT2,江宁区文化馆,118.8236289,31.9535488,文化宫,科教文化服务;文化宫;文化宫,上元大街168号,南京市,江宁区,,http://store.is.autonavi.com/showpic/e45b27dacb34850c12d5be249db0aab1
B00190BPVZ,东山街道文化活动中心,118.8322114,31.96150477,文化宫,科教文化服务;文化宫;文化宫,东山街道文靖西路99号,南京市,江宁区,,http://store.is.autonavi.com/showpic/da1424d53604e441921dc24e4f75d195
B0FFFO3PVJ,光华路街道文化体育活动中心,118.8476233,32.00211622,文化宫,科教文化服务;文化宫;文化宫,银龙路27-4号,南京市,秦淮区,,http://store.is.autonavi.com/showpic/27d743d3ae24ef589c05f27829a3671f
B0FFGE16A4,南京市栖霞区文化艺术中心,118.8779694,32.13089726,文化宫,科教文化服务;文化宫;文化宫,尧辰路附近,南京市,栖霞区,,http://store.is.autonavi.com/showpic/a311402868a4ebc8a75089519973aa19
B0FFF9ZH1R,徐庄文化中心,118.8852388,32.08584315,文化宫,科教文化服务;文化宫;文化宫,东来路与苏宁大道交汇处西南150米,南京市,玄武区,,http://store.is.autonavi.com/showpic/da0708c8d994ea7d3ff762cdae17313c
B00190BWN4,乌江文化中心,118.4646322,31.86747092,文化宫,科教文化服务;文化宫;文化宫,乌江路199号,南京市,浦口区,,
B0FFJ57ECH,星甸街道文体活动中心,118.4456192,32.02755495,文化宫,科教文化服务;文化宫;文化宫,星城小区玉兰苑西北门西南250米,南京市,浦口区,,
B0FFFDYVYB,大泉文化活动中心,118.6436901,32.54522911,文化宫,科教文化服务;文化宫;文化宫,竹镇镇大泉湖路,南京市,六合区,,
B00190Z0XI,六合区山潘街道文化站,118.7596937,32.24253667,文化宫,科教文化服务;文化宫;文化宫,扬村三路与平阳路交叉口西北80米,南京市,六合区,,
B00190AIKY,六合文化馆,118.8298871,32.34689771,文化宫,科教文化服务;文化宫;文化宫,雄州街道长江路100号,南京市,六合区,,
B00190Z95W,高淳区文化馆,118.8731225,31.33210328,文化宫,科教文化服务;文化宫;文化宫,固城湖北路60号,南京市,高淳区,,
B00190CNSU,铜山文化中心,118.862379,31.68714273,文化宫,科教文化服务;文化宫;文化宫,禄口街道铜山社区谢村街100号铜山锯木厂,南京市,江宁区,,
B0H2DSDSED,启欣文化中心,118.8356141,31.84567514,文化宫,科教文化服务;文化宫;文化宫,秣陵街道宣亭路5-11,南京市,江宁区,,
B00190Z66O,南京市六合区瓜埠镇文体中心,118.8841118,32.27494214,文化宫,科教文化服务;文化宫;文化宫,台商工业园瓜埠镇神冈路10号附近,南京市,六合区,,
B0FFKZHDUQ,唐唐文化中心,118.8953869,32.35535912,文化宫,科教文化服务;文化宫;文化宫,红星路与钱仓路交叉口西北40米,南京市,六合区,,
B0FFGIF3UR,新淮村文化活动中心,118.9394105,31.7682971,文化宫,科教文化服务;文化宫;文化宫,柘塘镇新安路,南京市,溧水区,,
B00190Z2KO,桥头村村民文化活动中心,118.9796941,31.28903123,文化宫,科教文化服务;文化宫;文化宫,固城街道双高公路桥头村,南京市,高淳区,,
B00190CRI8,开泰村文化活动中心,119.0141747,31.76659823,文化宫,科教文化服务;文化宫;文化宫,135乡道与淳溧线交叉口南40米,南京市,溧水区,,
B00190CPA5,新闸村文化活动中心,119.1027538,31.31156274,文化宫,科教文化服务;文化宫;文化宫,芜船路与双下路交叉口北140米,南京市,高淳区,,
B0J6V77WDT,燕子矶历史展陈馆,118.8123966,32.14871439,展览馆,科教文化服务;展览馆;展览馆,临江街7-5号,南京市,栖霞区,3.6,https://aos-comment.amap.com/B0J6V77WDT/headerImg/2fb2153105242484707575a863969666_2048_2048_80.jpg
B00190ZB5Z,首艺文化艺术馆,118.7576723,31.76357331,展览馆,科教文化服务;展览馆;展览馆,235国道与陶杨路交叉口西280米,南京市,江宁区,3.6,
B0FFHH6R14,南京国际博览中心,118.710938,31.99523199,展览馆,科教文化服务;展览馆;展览馆,燕山路197附近,南京市,建邺区,3.7,
B0FFGMB3JF,朝天宫主展厅,118.7701599,32.0378679,展览馆,科教文化服务;展览馆;展览馆,朝天宫4号朝天宫内(北侧),南京市,秦淮区,3.9,
B001907L7A,尊经阁(步行街),118.783144,32.02327789,展览馆,科教文化服务;展览馆;展览馆,贡院西街53号,南京市,秦淮区,3.9,http://store.is.autonavi.com/showpic/bb8d58f4f8af4effb8090503498655e1
B0H6AZLAXL,锦创人文空间(艺术馆),118.7786422,32.04841069,展览馆,科教文化服务;展览馆;展览馆,中山南路81号华夏大厦1层,南京市,鼓楼区,4,
B001912JMZ,秦淮八艳史料陈列馆,118.7836269,32.02049681,展览馆,科教文化服务;展览馆;展览馆,大石街150号李香君故居内,南京市,秦淮区,4.1,http://store.is.autonavi.com/showpic/8ace07945e574802aa3c9f26e1a13593
B0FFFCIRZR,南京江南贡院历史陈列馆,118.7857776,32.02290294,展览馆,科教文化服务;展览馆;展览馆,夫管办金陵路1号(夫子庙地铁站2号口步行320米),南京市,秦淮区,4.1,http://store.is.autonavi.com/showpic/56fa1509a3105a2790eab231
B00190ZIX3,汤山历史文化展示中心,119.042901,32.04322124,展览馆,科教文化服务;展览馆;展览馆,美泉路8号,南京市,江宁区,4.3,
B0FFHGNQDE,金鹰当代艺术空间,118.7028925,32.00872082,展览馆,科教文化服务;展览馆;展览馆,江东商业文化旅游中心区扬子江大道266号3号楼,南京市,建邺区,4.4,http://store.is.autonavi.com/showpic/eadb24378c0cb578de8c1f7e85a217a4
B001915DQ7,南京四方艺术湖区,118.6392363,32.11572871,展览馆,科教文化服务;展览馆;展览馆,珍七路9号,南京市,浦口区,4.6,http://store.is.autonavi.com/showpic/78c0b9cfa000a72395b9625011ac1042
B0FFF2HCNL,南京下关历史陈列馆,118.7319258,32.0965658,展览馆,科教文化服务;展览馆;展览馆,江边路21号,南京市,鼓楼区,4.6,http://store.is.autonavi.com/showpic/ae403eb206f28e93e09211f439d75a6f
B0FFMEDPSM,金陵历史文化展览馆,118.7843376,32.02319026,展览馆,科教文化服务;展览馆;展览馆,贡院西街与步行街交叉口北20米,南京市,秦淮区,4.7,http://store.is.autonavi.com/showpic/0c3ca3b602813a87c143342e61f29201
B00190BC3W,南京国际展览中心,118.8038705,32.07665035,展览馆,科教文化服务;展览馆;展览馆,龙蟠路88号,南京市,玄武区,4.7,http://store.is.autonavi.com/showpic/29524d2d19d066c858f7acc64bdd2fad
B001911ONN,南京十朝历史文化陈列馆,118.8380539,32.04661819,展览馆,科教文化服务;展览馆;展览馆,四方城1号,南京市,玄武区,4.7,http://store.is.autonavi.com/showpic/2d65633c33628c90f3981daefe2caaf9
B0FFIAV0V7,云水涧文化展示中心,118.6612847,31.84291109,展览馆,科教文化服务;展览馆;展览馆,正方西路555号,南京市,江宁区,4.7,
B0FFFE4NAT,吉庆社区文体活动中心,118.7506948,32.01965646,文化宫,科教文化服务;文化宫;文化宫,文体路109-1号,南京市,建邺区,,http://store.is.autonavi.com/showpic/55b894fdd796b6da0963b4c98935901b
B0FFGPSSUG,瑞金新村社区综合文化服务中心,118.8071428,32.03265613,文化宫,科教文化服务;文化宫;文化宫,瑞金路36号瑞金新村46,南京市,秦淮区,,http://store.is.autonavi.com/showpic/cc65fb97c4ff2c127a9524d997666802
